"నగదు, వడ్లు స్వాధీనం"
‘మంగళవారం’లో పాపులారిటీని సొంతం చేసుకున్న పాయల్ రాజ్
ఊపందుకు సంక్షేమం
ప్రవేశాలకు గడువు పొడిగింపు
పోలింగ్ కేంద్రాల పరిశీలన
ఎగిసిపడ్డది నేల ఈనిందా?
కలెక్టరేట్ లో ‘జనగన్నకు చెబుదాం’
డిగ్రీ కళాశాలల్లో ర్యాగింగ్ కుపాల్పడితే కఠిన చర్యలు
రైతున్నలకు నగదు పంపిణీ
ఆదివాసీల సంక్షేమమే బీజేడీ ధ్యేయం
లారీని ఢీకొన్న కారు
పోటెత్తిన భక్తజనం
తెలంగాణ అభివృద్ధికి వణుకుపుట్టిన కేసీఆర్
మధిరలో గెలిచిన దంపతులు
పోలింగ్ కేంద్రాల పరిశీలన
పత్తి కొనుగోళ్లు
ముగిసిన నిఘా వారోత్సవాలు
అత్యధిక మెజారిటీతో గెలిపించాలి
నామినేషన్ కేంద్రాన్ని పరిశీలించిన పోలీసులు
ప్రముఖ నిర్మాత కన్నుమూత...
బెల్లంపల్లిలో సీపీఐ ప్రాతినిధ్యం
వేచివుండి ఆలయంలో భక్తుల రద్దీ
సంక్షేమ బావుటా
కారు కొన్నంత సులువుగా..
నిరుద్యోగ భృతి ఇవ్వాలి
అవినీతి రహిత పాలన కావాలి
బుద్ధుని కాలంలో నిగంఠనాథ పుత్రుడు
‘మిర్చి’కి నష్టం
బీజేపీ బీసీ ఆత్మగౌరవ సభకు సర్వం సిద్ధం
ప్రభుత్వ ఆస్పత్రుల్లో మెరుగైన వైద్య సేవలు
దేశానికే ఆదర్శం
తెలంగాణలో పలు జిల్లాలకు వానలు
జీఎస్ టీ ప్రవేశ పెట్టక ముందు అంతే
కొల్లేటికోట నడుమ.. శోభ
గెలుపే లక్ష్యంగా బీఆర్ ఎస్ అధినేత
సమర శంఖం పూరించాలి
ఓవైపు నామినేషన్లు.. మరోవైపు బీఫామ్ లు..!
రేపటి నుంచి కబడ్డీ టోర్నీ
ప్రజల జీవితాల్లో మార్పు కావాలి
బహిరంగ సభలకు పటిష్ట బందోబస్తు
బరోడాను ఓడించిన పంజాబ్.. తొలిసారి టైటిల్ సొంతం
ముసాయిదా జాబితాపై ప్రత్యేక అవగాహన సదస్సు
అమ్మ హెల్పింగ్ హార్ట్స్ స్వచ్ఛంద సంస్థకు అవార్డు
ఓట్లు వేసి గెలిస్తే ఏం చేస్తాం...
పశుబీమా.. పశుబీమా
26న పోతురాజుకు పడిగెం
ఎన్నికల నిబంధనలు కచ్చితంగా అమలు చేయాలి
బాలల హక్కుల పరిరక్షణకు కృషి
షకీబ్ అల్ హసన్ బంగ్లాదేశ్ కెప్టెన్
అగ్ని ప్రమాదాలకు వార్డు
రిలయన్స్ స్వదేశ్ స్టోర్ ప్రారంభం
‘స్టోరీ టైమ్ విత్ సుధా అమ్మ’ సీరిస్ ప్రారంభం
మొబైల్ యూజర్లకు ప్రత్యేకమైన కస్టమర్ ఐడీ!
420 శిబిరాలు
వైవిద్యాలయం.. జనం కనువిందు
కేసీఆర్ పాలనకు చరమగీతం
దివ్యాంగ విద్యార్థులకు ఉచితంగా ట్యాబ్ లు
పోటెత్తిన యూనియన్ బ్యాంక్ సిబ్బంది
కోవిడ్ కన్నా బలం
రేపు చాంబర్ ఎన్నికల ఎంపిక
సైంటిఫిక్ థ్రిల్లర్ కథాంశంతో అయలాన్ రొమాన్స్
బీఆర్ ఎస్ పథకాలకు ఆకర్షితులై
జర్నలిస్టుల జీవితాల్లో వెలుగులు నింపేలా
స్వమిత్వ పథకం ద్వారా సాధికారత
జగన్ ను మరోసారి సీఎంను చేసుకోవాలి
ఉల్లంఘనల కేసులు పెరుగుతున్నాయి
కార్యకర్తలను కాపాడుకుంటాం
రాష్ట్ర ప్రగతికి నిబద్ధతతో జగనన్న పాలన
అభివృద్ధిని చేసి చూపించాం
ప్రజా ఆశీర్వాద సభను విజయవంతం చేయాలి
గిరిజన యువతీయువకులకు ఎంఎస్ ఎంఈ శిక్షణ
చిరుధాన్యాల పంపిణీ
కడలి జోరులో పరుగు జోరు
10న జిల్లాస్థాయి షూటింగ్ బాల్ ఎంపిక పోటీలు
నిబంధనలు అతిక్రమిస్తే కఠిన చర్యలు
కాంగ్రెస్ గూటికి పలు విద్యార్థి సంఘాల నేతలు
ఢిల్లీలో మళ్లీ సరి బేసి
నామినేషన్లపై ఇబ్బందులు రాకుండా చూడాలి
ఏఎంసీ పథకాలపై దృష్టి
ఫిర్యాదులపై నేడు స్పందన
2023: విలువలు లేని రాజకీయాలు
సింగరేణి వార్షిక లక్ష్యం
రెడ్ క్రాస్ సొసైటీ సేవలు అభినందనీయం
రెడ్ బుల్ జట్టులో వెర్ స్టాపెన్ విజయం
కాంగ్రెస్ కు షాక్
అజ్మీరా గెలుపు కోసం పని చేస్తా
నేడు కలెక్టరేట్ స్పందన రద్దు
ఎన్నికలు ప్రశాంతంగా జరగాలి
బీజేపీ నాయకులెవరో!
సమస్యలతో సవాసం
కొండమడుగుల పుట్టిన తేదీ : 04–03–1955
అలరించిన సాంస్కృతిక పోటీలు
సమయపాలన పాటించాలి
ప్రజా వ్యతిరేక పాలన విఫలం
‘ లింక్డిన్ ’ అద్భుతం..
నెయ్యి..ఆరోగ్యంగా ఉంది
మానవీయ విలువలతోనే సాధ్యం
కేసీఆర్ విజేయుడి పేరు ఖరారు
సామాజిక సాధికార యాత్రను జయప్రదం చేయండి
ఏఆర్ ఎస్సై ఆత్మహత్య
బాల్య జీవితాన్ని నెమరువేసించిన పూర్వ విద్యార్థులు
జిల్లా స్థాయి పోటీలకు ఎంపిక
కరాటేలో పతకాలు సాధించారు
రహదారి నిర్మాణ పనులు వేగిరం
సజావుగా ఎన్నికల నిర్వహణ
ఎన్నికల విధులను సక్రమంగా నిర్వర్తించాలి
అప్పీల్ దరఖాస్తుల ఆధారంగా 8 లక్షల మందికి తిట్టం
బలిజలకు 2ఏ రిజర్వేషన్ కల్పించాలి
కాంగ్రెస్ గూటికి ‘కోమటిరెడ్డి’
చెరువుల్లా మారిన వాన
నియోజకవర్గాల వారీగా దాఖలైన నామినేషన్లు
అన్నదాతలకు అండగా ప్రభుత్వం
ములుగులో రెండో నామినేషన్
క్షణం సినిమాలో ఛాన్స్ వచ్చింది.. కానీ అడివి శేష్ కు అండగా.. అనసూయ కామెంట్స్
ముత్యాలమ్మ ఆలయ నిర్మాణానికి విరాళం
మండల పరిషత్ రికార్డులు పక్కాగా నిర్వహించాలి
నేడు 3 చోట్ల జగనన్న ఆరోగ్య సురక్ష
పకడ్బందీగా ఏర్పాట్లు
ఓటరుగా సత్తా చాటండి
తుపాకీ కాల్పుల్లో 11 ఏళ్ల చిన్నారి మృతి
దుర్గమ్మ సన్నిధిలో భక్తుల రద్దీ
మా పంచాయతీలో మూడు ఊర్లు
శరవేగంగా జల జీవన్
కోచ్ అజర్ మహ్మూద్ పై వేటు..
9న అనకాపల్లి సభ
జ్వరం వస్తే నిర్లక్ష్యం చేయొద్దు: వెంకీ కుడుముల ట్వీట్ వైరల్!
"పాడి పరిశ్రమ వృద్ధి 1,210 కుటుంబాలకు"
రూ.కోట్ల విలువ చేసేసే భూమిని విక్రయిస్తాం
ఇంకా మూడు స్థానాల్లో ఖరారు..
రూ.1 కోటి నగదు స్వాహా
ట్రాక్టర్ ఢీకొని వ్యక్తి మృతి
ఎండిపోయిన రైతులను ఆదుకుంటాం
"9, 10వ తేదీల్లో ఉమ్మడి జిల్లా జట్ల పోటీలు"
అట్టడుగు వర్గాలకు అగ్రాసనం
ఉద్యాన సాగుపై ఆసక్తి
ఆయుర్వేద జీవన విధానాన్ని పరిరక్షించాలి
యంత్రాంగం సిద్ధంగా ఉండాలి
"క్రీడా పోటీల్లో గెలిపించిన నేహా, లోహిత్"
రౌడీషీటర్లపై ఉక్కుపాదం
ఎన్నికలకు సిద్ధం కావాలి
చెరువులో పడి తల్లీకుమార్తె మృతి
ఆస్తి పంచివ్వని తండ్రిపై దాడి
కిచ్చన్నగారి లక్ష్మారెడ్డికే బీఫాం
మెదక్ బీఆర్ ఎస్ అభ్యర్థిగా నామినేషన్ దాఖలు
వైఎస్సార్ సీపీ జెండా
తక్షణమే మహిళా రిజర్వేషన్ల అమలుకు భారత్ డిమాండ్
కేటీపీఎస్ కు అవాంతరాలు
"31,690 బస్తాల మిర్చి అమ్మకాలు"
ఘనంగా రాణి చెన్నమ్మ జయంత్యుత్సం
గీ ముచ్చట.. ముచ్చటగా..!
కాజీపేటలో పలు రైళ్ల సర్వీస్ లు రద్దు
ఖమ్మంలో పోటెత్తిన ప్రజలు
బిజూ జనతాదళ్ (బీజేడీ) సీనియర్ నాయకుడు మృతి
సమస్యల పరిష్కారానికి ప్రాధాన్యం
ధాన్యం కొనుగోలుకు 230 కేంద్రాలు
అసభ్య పదజాలాలతో దూషణలు
జనసేన తాండూరు అభ్యర్థిగా నేమూరి శంకర్ గౌడ్
జుల్లావీధిలో సమస్యలను పరిష్కరించాలి
కంబళ ఉత్సవాలు ప్రతియేటా
పశువులకు మెరుగైన వైద్యం
పొగాకు పంట పరిశీలన
ఎన్నికల ప్రచారంలో ఉమాభారతి..
జాతీయ స్థాయి టోర్నీ కు ఎంపిక
ఇప్పుడూం పాపం పండువా..!
ఇళ్లే లక్ష్యంగా చోరీలు
అట్టడుగు వర్గాలకు ప్రాధాన్యత
పేషెంట్ లేని అంబులెన్స్ లను వదలొద్దని..
రోడ్డు ప్రమాదంలో పోలీసులకు తీవ్ర గాయాలు
రైల్వే స్టేషన్ లో రెండు పెట్టెలు
రోడ్డు ప్రమాదంలో వ్యక్తి దుర్మరణం
ప్రజా సమస్యల పరిష్కారానికి కృషి
శబరిమలలో ప్రత్యేక బస్సులు
జీవితంపై విరక్తితో వ్యక్తి ఆత్మహత్య
బ్యాలెట్ పద్ధతిలో ఎన్నికలు నిర్వహించాలి
ముసాయిదాలో అభ్యంతరాలు విజ్ఞప్తులపై సత్వరమే పరిష్కారం
షార్ట్ సర్క్యూట్ తో సామగ్రి పూర్తిగా కాలి
ఘనంగా వాసవి వరల్డ్ స్కూల్ మేళా
అయోధ్యలో ప్రతిష్టాపన పూజలు ప్రారంభం
ఐచర్ ను ఢీకొన్న ప్రైవేటు ఓల్వో బస్సు
నామినేషన్ కేంద్రాన్ని పరిశీలించిన డీసీపీ
మల్లన్నకు రూ.40కోట్ల అంచనా
పోటాపోటీ ప్రచారం
సీఎం జగన్ పర్యటనను విజయవంతం చేయాలి
జాతీయ స్థాయి కరాటే పోటీలో విద్యార్థుల ప్రతిభ
'టాటా' ఒప్పందం.. 32 గమ్యస్థానాలకు చేరుకోవడానికి రెడీ
భారతీయ రైల్వే వ్యవస్థలోనే ‘గుత్తి’కి ప్రత్యేక స్థానం
శాంతినగర్ లో భారీ బహిరంగ సభ
వివాహ పత్రిక ఇచ్చేందుకు..
సీఎం జగన్ పర్యటనకు పటిష్ట భద్రత
రాజస్థాన్ లో ఘోర ప్రమాదం.. 24 మంది మృతి
ఎట్టకేల కు అభ్యర్థుల ఖరారు
కొనసాగుతున్న నామినేషన్ల పర్వం
ఐకేపీ వీఓఏగా పనిచేస్తున్న మహిళ..
శాసీ్త్రయ విద్య కోసం పోరాడాలి
హత్య కేసులో ముగ్గురి అరెస్టు
బాధితులకు చెరో రూ.లక్షల సాయం
ద్విచక్ర వాహనం దగ్ధం
బెల్లంపల్లిలో ‘కమ్యూనిస్టు’ హవా
ప్రైవేటు పాఠశాలల్లో పని చేస్తున్న బోధన
లోకల్.. నాన్ లోకల్
సైనికుల్లా పని చేయాలి
కుప్టి వద్ద మద్యం పట్టివేత
స్వీప్ కార్యక్రమాలు మరింత విస్తృతం
భరోసా.. భరోసా
సౌందర్య జోడీ.. రెండోసారి అలా!
మృతుల కుటుంబాలకు రూ.2 లక్షలు పరిహారం
న్యాయమైన పరిష్కారం చూపండి
స్టాఫ్ నర్సు పోస్టులకు కౌన్సెలింగ్
క్రికెట్ బెట్టింగ్ ముఠా అరెస్ట్
"మల్లయ్య, మల్లమ్మ పుట్టిన తేదీ"
క్రమశిక్షణతోనే ప్రతి విద్యార్ధి జీవితం ఉజ్వలమయం
ఫిలిప్పీన్స్ లో జర్నలిస్టుల హత్య
భాషా పండితుల సమస్యలు
ఉత్సాహంగా బ్యాడ్మింటన్ పోటీలు
చెక్ పోస్టు వద్ద విస్తృత తనిఖీలు
శాలిగౌరారంలో భారీ వర్షం
సంతోషం సౌత్ ఇండియన్ ఫిలిం అవార్డులు రేపు
ఎస్సీవర్గీకరణపై ప్రభుత్వం చిత్తశుద్ధితో
ఏపీలో భోగాపురం అంతర్జాతీయ విమానాశ్రయ ప్రాజెక్టు
మనింట్లో చాలా ప్లాస్టిక్ కవర్స్ పోగవుతాయి
మూడు నామినేషన్ల దాఖలు
పకడ్బందీగా బందోబస్తు చర్యలు
నెలన్నరలో 30 మంది మృతి
తెలంగాణలో విద్వేషాలు రెచ్చగొడుతున్నాం
జూబ్లీహిల్స్ బరిలో అజహరుద్దీన్.. ఓడిన అజహరుద్దీన్
డీఎంకే అభ్యర్థిని గెలిపించాలి
ఎండిపోయిన రైతులను ఆదుకుంటాం
4.93 లక్షలకు ప్రభుత్వ ఉద్యోగాలు
బీజేపీ అధికారంలోకి వస్తుందని..
మెగా ఇంటి ఫంక్ష న్ అంటే ఏ రేంజ్ లో ఉంటుందో!
ఎస్ జీఎఫ్ సాఫ్ట్ బాల్ రాష్ట్ర జట్ల ఎంపిక
జగనన్న పాలనలో ఏ సీఎం సాధించని చరిత్ర
క్రీడాపోటీలు నిర్వహిస్తారా?
ఉమ్మడి కృష్ణా జిల్లా వెయిట్ లిఫ్టింగ్ పోటీల్లో విద్యార్థుల ప్రతిభ
పోలింగ్ ముగిసేవరకు డ్రై డే పాటించాలి
"స్పా కేంద్రాల్లో అనైతిక, అసాంఘిక కార్యక్రమాలకు పాల్పడితే కఠిన చర్యలు"
ఘనంగా రిమ్ జిమ్ ప్రారంభం
అర్జీలకు అధిక ప్రాధాన్యం
సముద్రపు దొంగల దాడి
ఉత్కంఠగా సాగిన మెయిన్ డ్రా మ్యాచ్ లు
శబరిమలై భక్తులకు ప్రత్యేక బస్సు
దివ్యాంగుల దేశాభివృద్ధిలో భాగస్వాములు
ఉత్సాహంగా రిమ్ జిమ్ పోటీలు
ప్రశాంతంగా ఎన్నికల ప్రక్రియ
దీపావళి వేడుకలు గ్రాండ్ గా
విద్యుత్ షాక్ తో వివాహిత మృతి
కరువు సహాయక చర్యలు చేపట్టండి
జీపీటీ పోస్టుల భర్తీకి కౌన్సెలింగ్
మహిళల శక్తి చాటాలి
ప్రజానేత శత్రువుగా రాయసం వెంకటేశ్వరరావు
గవర్నర్ల తీరుపై సుప్రీంకోర్టు ఆందోళన
సమస్యలపై గళమెత్తినా స్పందించేవారు
ఆర్ట్ సైంటిస్ట్ గా పాయల్ జైన్
పారదర్శకంగా ‘సి–విజిల్ ’
క్షిపణి దాడిలో 19 మంది ఉక్రెయిన్ సైనికులు మృతి
చికిత్స పొందుతూ యువకుడు మృతి
వెబ్ సైట్ లో తుది జాబితా
వరసిద్ధుడి పెళ్లికి పోటెత్తిన భక్తులు
ఈవీఎంలపై ‘నోటా’ బటన్
అన్ని వాహనాలను తనిఖీ చేయాలి
2023: శ్రీలంకపై గెలిచి.. బంగ్లాదేశ్ కు దూరం
ఘన స్వాగతం..
ఉమ్మడి రంగారెడ్డి జిల్లాకు ప్రత్యేక స్థానం
మరోమారు సందిగ్ధం
కులాల అభివృద్ధికి సీఎం కేసీఆర్ కృషి
విశ్రాంత ఉద్యోగుల ఆవేదన
జిల్లా ఎస్ జీఎఫ్ కార్యదర్శిగా బడి వెంకట రమణ
ఎన్నికల్లో బండారికి మద్దతు తెలుపుతా..
కేయూలో తగ్గే క్రీడాపోటీలు..
తల్లిలాంటి ఊరి పోటు..
అజారుద్దీన్ కు ముందస్తు బెయిల్
మరోసారి ఆదరించి గెలిపించాలి
కాలువలో పడి వ్యక్తి మృతి
కోడ్ ఉల్లంఘనపై ఫిర్యాదులు నమోదు చేయాలి
కొనసాగుతున్న నామినేషన్ల దాఖలు
ఎన్నికల నిర్వహణకు పటిష్ట ఏర్పాట్లు
అన్వేషణ మార్గాలు వెతికేలా ఉండాలి
దేశమంతా మెచ్చేలా..
రత్న భాండాగారం తెరవాలి
కేసీఆర్ కు షాకిచ్చిన గులాబీబాస్
ప్రశ్నిస్తే హత్యాయత్నం
ఏదైతే చెప్పారో వాటన్నింటినీ అమలు చేశారు
రజిని లక్కా ఈత పోటీల్లో 6 పతకాలు
హత్య కేసులో నిందితుడి అరెస్టు
వక్ఫ్ బోర్డు ఆస్తులు ఆక్రమిస్తే చర్యలు
అబాకస్ సాధనతో పిల్లల్లో సంపత్తి
బాలశౌరి ఔదార్యం
చోరీ కేసులో నిందితుడి అరెస్టు
కేసీఆర్ మాటల్లోనే రత్నం ఏముందో
గ్రామీణ ఉపాధికి ప్రణాళిక
"ప్రభుత్వరంగలో విద్యా, వైద్య రంగాలను అభివృద్ధి చేయాలి"
వివాహిత అనుమానాస్పద మృతి
ఎన్నికలకు సిద్ధం కావాలి
దావణగెరెలో వాగులు
పేస్ట్ తో ముఖం కాంతివంతం
జిల్లాలో పలుచోట్ల వాన
హాఫ్ మారథాన్ ఉత్సాహంగా సాగిన రన్
శిల్పారామాలను ఆకర్షణీయంగా తీర్చిదిద్దాలి
ఎమ్మెల్యే సండ్ర వెంకటవీరయ్య తీరుకు నిరసనగా కాంగ్రెస్ లో చేరిక
బీఆర్ ఎస్ కు బాస్ లు ఢిల్లీలో ఉండరని కేసీఆర్
సీపీఎం అభ్యర్థిగా ముదిరెడ్డి సుధాకర్ రెడ్డి
98.88 శాతం పింఛన్ల పంపిణీ
‘దొరల పాలనకు చరమగీతం’
మధ్యాహ్న భోజనంలో క్లుప్తంగా
భాస్కర్ ‘వడక్కన్ ’లో ఆవిష్కరణ
బాలికను గర్భవతిని చేసిన యువకుడు అరెస్టు
చేసిన మంచిని చెబుదాం
పార్టీలకతీతంగా సాయం
2023: పాలమూరును ముంచింది కాంగ్రెస్సే..!
మా బతుకులు మారలే..
హైదరాబాద్ లో కరపత్రాల ఆవిష్కరణ
పోలింగ్ శాతం పెంచేందుకు..
స్వగ్రామంలో వీరంగం
క్యాండీ.. శ్రీలంక.. శ్రీలంక
కర్రతో కొట్టడంతో ఎడమ కన్ను దెబ్బతింది
హస్తం పార్టీలో చేరిక
సింగమ్ ఎగైన్.. అక్షయ్ లుక్ తో జోలీసాఫీసర్!
సూర్య ప్రభ వాహనాలపై ఊరేగింపు
అనారోగ్యంతో బుడత మృతి
మరపురాని అనుభూతి పొందేలా..
సైబర్ నేరాల జాగృతి
14 నామినేషన్లు దాఖలు
సి బ్బందికి ర్యాండమైజేషన్ పూర్తి
పక్కాగా ఎన్నికల నిర్వహణ
నేటి నుంచి ‘మహిళా పోలీసులు’
ద రూలర్స్ పోస్టర్ విడుదల
కాంగ్రెస్ తోనే అవినీతి
నేత్ర సేకరణపై శిక్షణ ఇప్పించండి
జీవితంలో విరక్తితో ఒకరి ఆత్మహత్య
తెలంగాణ ఆకాంక్షలు తీరుతున్నయ్
సద్వినియోగం చేసుకోవాలి
కేసీయార్ పాలనాన్ని ఎండగడదాం
"వాట్సాప్, ఇన్ స్టా గ్రామ్ లో పోస్టు చేసి..."
పోలింగ్ సెంటర్ల తనిఖీ
నాన్నతో ఉన్న ఈ క్షణాలు నా జీవితాంతం గుర్తుంటాయి
ద్విచక్ర వాహనాల దొంగ అరెస్ట్
బాణసంచా నిల్వ చేస్తే చర్యలు
గోడౌన్ లో నిషేధించిన పురుగు మందులు
బెంగాల్ గవర్నర్ ను కలిసిన యశ్వంత్
nan
"నియోజకర్గంలో రూ.2,500 కోట్లుతో అభివృద్ధి పనులు"
27 మండలాల్లో వర్షం
"బీజేపీ ఎమ్మెల్యే అభ్యర్థి రఘునాథ్ రావు ఆస్తులు, కేసుల వివరాలు"
పొత్తు.. సీపీఎం టాటాటా
క్రీడల్లో నైపుణ్యతను పెంచుకోవాలి
రక్తదానంతో సమానం
మతిస్థిమితం లేని వృద్ధురాలి మృతి
సీఎం కార్యాలయం వద్ద కట్టుదిట్టమైన భద్రత
పొత్తు.. సీపీఎంకు బెంగ!
జిల్లాలో ప్రతి మండలానికి ఒక చొప్పున 108 అంబులెన్స్
ఉన్నత శిఖరాలకు మంచిపేరు
"కామారెడ్డిలో సీఎం, పీసీ చీఫ్ ల పోటీ"
గతం తాలూకు ఆలంబన
బాపట్ల విద్యార్థి ఆత్మహత్య
గిరిజనుల ఆత్మీయ సమ్మేళనాన్ని విజయవంతం చేయాలి
గంజాయి రవాణాను అడ్డుకున్న పోలీసులు
రక్తదాన శిబిరం
ప్రజలను కేసీఆర్ మోసం చేస్తాం
శిశువు మృతదేహం లభ్యం
సామాజిక సాధికార యాత్రను విజయవంతం చేయండి
ఆస్పత్రిలో పురిటినొప్పులు
పోలింగ్ కేంద్రాల ఏర్పాటు..
డ్వాక్రా బజార్ లో పొదుపు మహిళలకు డిమాండ్
బెల్లంపల్లిలో సీపీఐ ప్రాతినిధ్యం
గతిని మార్చే సత్తా
కాళేశ్వరం ప్రాజెక్టులో నాణ్యత లోపిస్తే సీఎం కేసీఆర్ చర్యలు
కర్మాగారాల్లో భద్రతా చర్యలు పాటించాలి
వైభవం.. భక్తి పరవశం
భక్తుల రద్దీకి అనుగుణంగా తుది మాస్టర్ ప్లాన్
ఒడిశాలో సంయుక్త దాడులు
రత్నగిరిపై శ్రీ సత్యదీక్షలు
అక్రమ రవాణా కాకుండా చర్యలు తీసుకోండి
పోస్టల్ బ్యాలెట్
ఈ రాశి వారు వ్యవహారాలలో సకాలంలో పూర్తి చేస్తారు
9న ఉమ్మడి జిల్లాస్థాయి ఎస్ జీఎఫ్ ఎంపికలు
ప్రజాసంకల్ప యాత్ర చరిత్రాత్మకం
రైతన్నలకు స్థలం కొరత
‘టెన్త్ ’లో మెరుగైన ఫలితాలే లక్ష్యం
మేనేజర్ల మరణం.. యాంకర్ ఝాన్సీ మేనేజర్ ఎమోషనల్
చపాతిలో బాలిక ఆత్మహత్య
పోలింగ్ నిర్వహణకు సన్నద్ధం అవసరం
ప్రజాసంకల్పయాత్రలో ప్రజల కష్టాలు
నైతిక విలువలు పాటిస్తే అవినీతిని అంతం
రానున్న ఎన్నికల్లో ఓటు అడిగే హక్కు వైఎస్సార్ సీపీకే
మృతదేహానికి అంత్యక్రియలు
సోదరులే.. ఇద్దరు!
ప్రకాశం
యో యో హనీ సింగ్ విడాకులు మంజూరు
ప్రైవేటు వాహనాల్లో కొండాయి–దొడ్ల మార్గంలో మేడారం
కలుపు నివారణపై అవగాహన పెంచుకోవాలి
సెక్టార్ అధికారులకు శిక్షణ
ఏటాసా కింద పెట్టుబడి సాయం
రాష్ట్రస్థాయి ఫుట్ బాల్ పోటీల్లో 16 జట్లు
సెల్ టవర్ పైనుంచి పడి యువకుడి మృతి
యువకుడి బలవన్మరణం
కంటెస్టెంట్ల మధ్య ఎమోషన్స్ కట్టలు
జగనన్న ఆరోగ్య సురక్షలో పై హాస్పిటళ్లకు రిఫర్
పోటెత్తిన వృద్ధురాలి
సంబరాలు
ముగిసిన ఫుట్ బాల్ టోర్నీ
సినిమా తప్పకుండా ప్రేక్షకుల్ని అలరిస్తుంది
చెట్టుకు యువకుడి బలవన్మరణం
అంతర్ రాష్ట్ర దొంగలు అరెస్ట్
గెట్ టు గెదర్..
కాంగ్రెస్ కండువా కేసులో ఇద్దరిపై కేసు
స్వతంత్రులు.. విజయ తీరాలకు..
హౌసింగ్ బోర్డుకాలనీ రూ.65 కోట్లతో అభివృద్ధి
ఈసారి నామినేషన్ ఘట్టంలో అభ్యర్థి
ఆకట్టుకున్న ప్రసంగం
ప్రాథమిక విద్యా ప్రమాణాల పెంపు కోసం కృషి చేయాలి
"1000 మందికి రెయిన్ కోట్, గొడుగుల పంపిణీ"
ఆ రిని పంపించేందుకు యత్నం.. నామినేష న్ : ప్రియాంక
మహిళల స్ఫూర్తిదాయకమైన జీవితాలు
కిషన్ రెడ్డికి కౌంటరిచ్చిన కవిత
ఉమ్మడి జిల్లాలో రెండు నియోజకవర్గాలు
బెల్టుషాపులు నిర్వహిస్తున్న వ్యక్తులపై కేసు
‘నాతో పోటీ పడితే డిపాజిట్ దక్కేనా’
స్వతంత్రులదే హవా
80 శాతం అవినీతిని అంతం చేయాలి
తెరమీదకు కొత్త పేర్లు
రైతున్నలకు అండగా ప్రభుత్వం
త్వరలోనే ఫేక్ లోన్ యాప్ లు..
ధర్మపురిలో పది నామినేషన్లు
కోడి పందెం ఆడుతున్న నలుగురి అరెస్టు
పక్కాగా నేతల చేరికలు
లబ్ధిదారుల జాప్యంపై అసంతృప్తి
బీఆర్ ఎస్ కు ఓట్లు అడిగే హక్కు
నాటుసారా స్వాధీనం
మణవాళ మహామునుల తిరునక్షత్ర పూజలు
కలెక్టర్ దే బాధ్యత..
భద్రాచలంలో వెండి ఆభరణాల లెక్కింపు
రాష్ట్ర స్థాయి పోటీలకు ఎంపిక
సతీష్ రెడ్డి స్ఫూర్తితో సేవలు
మనస్తాపంతో వ్యక్తి ఆత్మహత్య
మాదిగల శక్తిని చాటి చెప్పాలి
రాష్ట్ర స్థాయి షూటింగ్ బాల్ పోటీలకు ఎంపిక
స్ట్రీట్ ఫుడ్స్ కి ప్రత్యేకమైన ఫ్యాన్ బేస్
మజ్లిస్ లో ‘ముజ్లిస్ ’కి నామినేషన్లు
అనారోగ్యంతో బాలికోన్నత మృతి
ఆర్యవైశ్యులు ఎదగాలి
కార్యకర్తలు సైనికుల్లా పని చేయాలి
జూలకంటి రంగారెడ్డి
రాష్ట్ర స్థాయి షూటింగ్ బాల్ పోటీలకు ఎంపిక
‘కవరేజ్ ’కు ఏర్పాట్లు
జిల్లాస్థాయి పోటీలు ప్రారంభం
శీఘ్ర దర్శనానికి ప్రత్యేక వసతులు
పబ్జీ గేమ్ పైనుంచి పడి యువకుడి మృతి
లక్ష్మణ్ కుమార్ తప్ప ఎవరూ నామినేషన్ దాఖలు చేయలేదు
బీజేపీ జిల్లా అధ్యక్షుల నియామకం
కాంగ్రెస్ కు సంబంధం లేదు
నేటి నుంచి జాతీయ గ్రంథాలయ వారోత్సవాలు
బీజేపీల మాటలను నమ్మొద్దు
"జియో ఫోన్లు, యూపీఐ పేమెంట్స్.. 30 శాతం తక్కువ ధరకే"
ఉచిత అవగాహన సదస్సు
వరిసాగుకు ముందస్తు ప్రణాళిక
ఓటరు హక్కును వినియోగించుకోవచ్చు
‘పెద్ద’ మనుషులకు శరణుగోజుతున్నారు
జాతీయ స్థాయి పోటీల్లో క్రీడాకారుల ప్రతిభ
మాతృభాష ప్రాధాన్యత పెంపొందించుకోవాలి
మంచి చెడు ఆలోచించి ఓటు వేస్తే మంచిది
దివిసీమలో కురిసిన వర్షం
రాష్ట్రాభివృద్ధికి సీఎం జగన్ కృషి
ఈ నెల 22 నుంచి పాండురంగ ఉత్సవాలు
విద్యార్థిని ఆత్మహత్య
ఆర్టీసీకి ప్రతీ నెలా రూ.275 కోట్లు
ఈసీ మార్గదర్శకాలు పాటించాలి
వెబ్ సైట్ లో జీడీఏ పోస్టుల తుదిజాబితా
జానపద పోటీల్లో సత్తా చాటుకున్న విద్యార్థులు
సీపీఎం అభ్యర్థిగా ‘పగడాల’ యాదయ్య
పోలీస్ చెక్ పోస్ట్
వేములవాడలో రెండు నామినేషన్లు
హ్యాట్రిక్ కొట్టడం ఖాయం
శ్రీకృష్ణదేవరాయ విశ్వవిద్యాలయానికి ఎలక్ట్రికల్ కార్ల అందజేత
తెలంగాణ ఆవిర్భావానికి ముందు జిల్లాలో ఒక వెలుగు వెలిగిన టీడీపీ
బీజేపీ వల్లే తెలంగాణలో అభివృద్ధికి నిధులు
రైతుల అభ్యున్నతికి ప్రభుత్వం కృషి
చైన్నెలో రౌడీ అరెస్టు
ప్రభుత్వ సాయంపై హర్షం
కాంగ్రెస్ అభ్యర్థిగా మార్చాలని నిరసన
రైతులకు అండగా ప్రభుత్వం
ఓటరు నమోదు ప్రత్యేక కార్యక్రమం
చైన్నె –చైన్నె మధ్య విమాన సర్వీసు ప్రారంభం
కేకే ఓసీపీలో ఇన్ చార్జిపై చర్య తీసుకోవాలి
బీసీలపై మొసలి కన్నీళ్లు
పకడ్బందీగా ప్రచారం
ఉల్లంఘిస్తే వేటు తప్పదు
మాపై దురుసు ప్రవర్తనను ఖండిస్తున్నా
దాసి కుటుంబానికి అండగా వైఎస్సార్ బీమా
పర్యాటక ప్రాంతాల్లో వీకెండ్.. వీకెండ్
సోషల్ మీడియా ట్రాకింగ్ సెంటర్ ప్రారంభం
జీపీ అధ్యక్షులకు శిక్షణా శిబిరం
సెకెండరీ టీచర్లకు బంపర్ ఆఫర్
పెరుంబాక్కంలోని
ఉమ్మడి నల్లగొండ జిల్లాలో..
రెండు వాహనాల నుంచి రూ.71వేల స్వాధీనం
సర్వే ఆఫ్ విలేజీ ద్వారా శాశ్వత భూహక్కు పత్రాలు
వ్యవసాయంపై పరిశోధనలు చేయాలి
వైస్ చైర్మ న్ – సుదర్శనం
స్థానికులనే కాదు.. స్థానికులనే
విద్యుదాఘాతంతో ఒకరి మృతి
అప్పులపాలించిన భట్టి
ఢిల్లీలో ఈడీ విచారణకు సహకరించండి
రేవంత్ దోషి.. సుప్రీంకోర్టే తేల్చింది
అబ్దుల్ అజీజ్ కు నోటీసులు
15 మండలాల్లో వర్షం
చదువులోనైనా మనకంటూ ప్రత్యేకత చూపాలి
ఈటల రాజేందర్ పేరు దాదాపు ఖరారు
సీనియర్ నటి మాళవిక గుర్తుందా?
సార్వా వరి పంట నమోదు మండలం విస్తీర్ణం
సీపీఎంలో ముదిరెడ్డి సుధాకర్ రెడ్డి
కాంగ్రెస్ గూటికి ‘పేట’ జెడ్పీ చైరపర్సన్
గాజాలో దుర్భర పరిస్థితులు నెలకొనివి.. నర్సు ఎమిలీ కల్లా
బీసీ సీఎం అభ్యర్థి ఎవరనేది?
సినిమా తప్పకుండా బ్లాక్ బస్టర్
రుణమాఫీకి తూట్లు
గెస్ట్ లెక్చరర్ నియామకానికి దరఖాస్తుల ఆహ్వానం
డోర్నకల్ రైల్వే స్టేషన్ లో క్విక్ వాటరింగ్ సిస్టమ్
లైసెన్స్ దారులు ఆయుధాలను డిపాజిట్ చేయాలి
బంగారం నాణ్యత ఎంత ఉందంటే..
ఎక్కడెక్కడ.. ఎక్కడెక్కడ..
కామారెడ్డిపై ఫోకస్
ఐకమత్యంగా ఉంటే ఓడించవచ్చు
కేంద్రమంత్రి కాన్వాయ్ లో ప్రమాదం.. ఆరుగురికి గాయాలు
ప్లాట్ ఫారంపై పడిపోయిన ప్రయాణికులు
కులాల వారీగా.. యత్నం
nan
చరిత్ర పరిశోధనపై ఆసక్తి చూపాలి
నాలుగోరోజు దాఖలైన నామినేషన్
‘థగ్స్ లైఫ్ ’ టైటిల్ విన్నారా?
సమన్వయంతో పనిచేయడం వల్లే..
లబ్ధిదారులకు రుణాలు అందించాలి
బీజేపీని ఓడించాలి
అంతర్జాతీయ విమానాశ్రయ నిర్మాణానికి రంగం సిద్ధం
కేసీఆర్ ను ఓటు వేసి రుణం తీర్చుకునేందుకు..
‘మినీ కవితా’ రీతి యువకవులకు ఆదర్శం
పర్యావరణాన్ని కాపాడుకోవాలి
ఖైదీలను ఉత్తమ పౌరులుగా తీర్చిదిద్దాలి
జగనన్న చరిత్రలో ఏ సీఎం సాధించలేని చరిత్ర
రోడ్డు ప్రమాదంలో వ్యక్తి దుర్మరణం
యాదాద్రికి త్రిపుర గవర్నర్ రాక
ఊపందుకున్న నామినేషన్లు
కడలి హోరు.. పరుగు జోరు
జూరాలకు స్వల్ప ఇన్ ఫ్లో
చరిత్రలో నిలిచిన ప్రజా సంకల్ప యాత్ర
స్టాక్ మార్కెట్లో లాభాలు కొనసాగేనా?
దేవదాసిలకు బకాయి పింఛన్ చెల్లించాలి
"డీఎంకే ఎంపీ, మంత్రి పొన్ముడికి నోటీసులు"
ఎన్ ఎంఆర్ కార్మికులకు కొత్త వేతనాలు
పనిపై శ్రద్ధ కనబరుస్తూ ఉండాలి
జోవికా జోవికా.. షకీలా ఫైట్
nan
nan
జాతీయ స్థాయి సాఫ్ట్ బాల్ పోటీలకు ఎంపిక
అఫ్గనిస్తాన్ ఓపెనర్ ఇబ్రహీం
రియల్ ఎస్టేట్ వ్యాపారి ఆత్మహత్య
గోల్డ్ మెడల్స్ అందజేత.. 40 మంది విద్యార్థులకు..
టీడీపీ అరకు ఓటు తొలగించారు
పేదల కుటుంబాలందరికీ కేసీఆర్ ఉద్యోగం
ద్విచక్ర వాహనాల చోరీ కేసులో ఇద్దరి అరెస్టు
ఆళ్లగడ్డ.. జనసంద్రం
విరాట్ కోహ్లి క్రికెటింగ్ టాలెంట్ గురించి మనందరికీ తెలుసు..
ఉమ్మడి జిల్లా వాలీబాల్ జట్టుకు ఎంపిక
జనసంద్రం
వెనుకబడినవర్గాలకు సామాజిక గౌరవం
పిచ్చికుక్కల దాడుల్లో భయపడాల్సిన అవసరం లేదు
పకడ్బందీగా ఏర్పాట్లు
విద్యా నైపుణ్యాలు పెంపొందించుకోవాలి
ఈ రాశి వారు శుభవార్త వింటారు
బస్సు ఢీకొని వ్యక్తి మృతి
దేవరకద్రలో కాంగ్రెస్ కు షాక్
సింగరేణి నేతలకు మొండిచెయ్యి
శాస్త్రవేత్తలుగా ఎదగాలి
నూతన కార్యవర్గాల ప్రమాణస్వీకారం
దేవరకద్రలో చక్కర్లు
సామాజిక సాధికారిత బస్సు యాత్ర
బెల్లంపల్లికి సీఎం కేసీఆర్
దాఖలైన నామినేషన్ దాఖలు
పూణే వేదికగా నేడు నామమాత్రపు మ్యాచ్
జీఎస్టీ ప్రవేశ పరీక్షల గడువు పెంపు
ఈ ప్రత్యేక పోలింగ్ కేంద్రాలు ఏర్పాటు చేసేందుకు తగిన సెంటర్లను గుర్తించారు
మంచి వారు..
ఫిన్ టెక్ రంగానికే ప్రాధాన్యం
శంభో శంకరా అంటూ శివలింగాల తయారీ
ఉద్రిక్తత
రెండో అంతస్తు నుంచి జారి పడిన చరిష్మ
కాంగ్రెస్ కార్యకర్తల మధ్య గొడవ
ఉద్యాన పంటల అభివృద్ధికి ప్రభుత్వ కృషి
18 జిల్లాల్లో కరువు మండలాలుగా ప్రకటించాలి
మీరే మాకు రూ.10 లక్షలు ఇవ్వండి
బొజ్జల ప్రధాన అనుచరి
లేపాక్షిలో ప్రమిదల విక్రయాలు
సకాలంలో అందడంతో..
అవినీతిపై పోరాటం పేరిట డ్రామాలు
ఈవీఎంలపై అంచనాలు
"కాంగ్రెస్, బీజేపీలు ప్రమాదకరం"
మీరే ఆలోచించుకోండి..
పీరియాడికల్ యాక్షన్ డ్రామా ‘జిల్ల తండ డబుల్ ఎక్స్ ’
సమయపాలన పాటించాలి
చోరీలు.. హాయిగా జల్సా
రాష్ట్రస్థాయి పోటీలకు ఎంపిక
విశాఖలో కొత్త రూపు
ద్విచక్ర వాహనాల చోరీ కేసులో ఇద్దరి అరెస్టు
ప్లాట్ ఫారాలు చేరుకునేందుకు ఇబ్బందులు
వేములవాడలో తుల ఉమాకు టికెట్
చెస్ ఈవెంట్లో వైశాలి విజేత.. విదిత్ మహిళల విజేత..!
తెలంగాణ కోసం 360 మంది విద్యార్థులను బలి తీసుకుంది కాంగ్రెస్సేనా
పూల సాగు రైతులకు లాభాలు
జగన్ కు ఘన స్వాగతం
తెలంగాణ అసెంబ్లీ ఎన్నికల్లో పోటీ చేసే కాంగ్రెస్ అభ్యర్థుల మూడో జాబితా
ఉల్లి ధరకు కట్టడి
అగ్గి.. అగ్గి!
ఆర్టీసీ బస్సు బీభత్సం
అనవసరంగా ప్రతీది రాజకీయం: బాలినేని
వ్యవసాయ రంగానికి సీఎం జగన్ పీట
ఐదో వీక్లీ డ్రా విజేతకు బైక్ తాళం
పట్నంలో 40 ఏళ్ల కాంగ్రెస్..
జగిత్యాల ఆర్డీవో కార్యాలయంలో నామినేషన్ల ప్రక్రియ
2023: మాక్స్ వెల్పై సర్వత్రా ప్రశంసలు.. విరాట్ కోహ్లి కామెంట్స్
లిఫ్ట్ లో ఇరుక్కుని కిందపడి బాలుడి మృతి
ప్రశాంతంగా పోలింగ్
ఈ ఏడాది మూడో డబుల్స్ టైటిల్ సాధించని జోడీ
వేములవాడలో నాలుగు నామినేషన్లు దాఖలు
"తుఫాను ప్రభావంతో గోవిందరావుపేట, వాజేడు మండలాల్లో"
సంక్షేమ ప్రదాత జగన్
కాఫీ రైతులకు మోసపోవద్దు
నేడు గాజువాకలో సామాజిక సాధికార యాత్ర
ఆసియాకప్ ఫైనల్ షెడ్యూల్ విడుదల.. జట్లు ఎక్కడంటే..
స్ట్రీట్ ఫుడ్స్ కి ప్రాధాన్యత
సౌకర్యవంతంగా రిజిస్ట్రేషన్ రిజిస్ట్రేషన్లు
జర్నలిస్టులకు ఇంటి స్థలం నిర్ణయంపై హర్షం
దేశానికి మాదిగల శక్తి చూపించాలి
ఇంటింటా సంక్షేమ పథకాలు
జాతీయస్థాయి కరాటే పోటీల్లో మెదక్ విద్యార్థినుల ప్రతిభ
అయోధ్య క్షేత్రం.. దీపావళి
త్రివిక్రమ్ ‘గుంటూరు కారం’
ఎస్పీ ఆధ్వర్యంలో ఉలెన్ కోట్స్
నోటి మాటగా అనుమతులు
విద్యుదాఘాతంతో ఎలక్ట్రీషియన్ మృతి
పేదల జీవితాల్లో వెలుగులు
ఎడమ కాలువలో అక్రమ వాడకం
నీటిసంపులో పడి చిన్నారి మృతి
అండర్ –23 రాష్ట్ర క్రికెట్ టోర్నీలో జిల్లాకు చోటు
రాష్ట్రస్థాయి బాల్ బ్యాడ్మింటన్ పోటీల్లో ప్రథమస్థానం
ఘనంగా ఎల్లమ్మ ఆలయ వార్షికోత్సవాలు
బ్రహ్మోత్సవం.. కనుల వైభవం
పటిష్ట నిఘా
నియోజకవర్గాల వారీగా దాఖలైన నామినేషన్లు
మున్సిపల్ కౌన్సిలర్ పదవికి రాజీనామా
పాన్ ఇండియా స్టార్ ప్రభాస్ 'సలార్'విడుదల.. ఎందుకంటే?
నిందితుల కోసం గాలింపు ముమ్మరం
మద్యానికి బానిసైన ఇంటిపెద్ద
సామాజిక సాధికార యాత్ర
మద్యం తాగిన మత్తులో తండ్రి దారుణ హత్య
"వృద్ధుడికి టీ, మత్తు బిస్కెట్లు చోరీ"
14 నామినేషన్లు దాఖలు
ఆదిలాబాద్ లో కల్లోలం
క్రీడాసాధన జీవితంలో భాగం కావాలి
ఓఆర్ ఆర్ పై రోడ్డు ప్రమాదంలో ఇద్దరి మృతి
పోటెత్తిన ఓటర్లు
ఓటు వజ్రాయుధం
నాణ్యతా ప్రమాణాలు సాటించాలి
మట్టి కొట్టి చోరీ
రాష్ట్రాభివృద్ధే వైఎస్సార్ సీపీ లక్ష్యం
కోదాడలో రూ.10లక్షల నగదు పట్టుబడి
చేవెళ్ల చెల్లెమ్మగా..
నాలుగు సెట్ల నామినేషన్లు దాఖలు
పోడు భూములకు పట్టాలు తగదు
బస్సు ప్రమాదం.. బాధితుల కుటుంబాలకు ఆర్థిక సాయం
నామినేష న్స్ అంటే డైరెక్ట్ గా బ య ట కు పంపించేయ రురా
ఎడ్ల బండలాగుడు మృతి
డీప్ ఫేక్ వీడియో.. రష్మిక పోస్ట్ వైరల్!
ఇంటిలో చోరీపై కేసు నమోదు
2023: అత్యుత్తమ పోరు.. విధ్వంసకర డబుల్ సెంచరీతో.. విధ్వంసకర ఇన్నింగ్స్
ముగిసిన శిక్షణ శిబిరం
ప్రతి ఉపాధి కూలీకి 100 రోజుల పనిదినాలు
ఇందిరమ్మ రాజ్యం ఖాయం
టైమ్డ్ అవుట్.. శ్రీలంక ఆటగాడు ఏంజెలో ఔటయ్యాడు?
‘ఇంగ్లిష్ లో ధారాలంగా మాట్లాడాలి’
వైభవంగా పూర్ణాహుతి
అరుణాచలం భక్తులకు ప్రత్యేక బస్సు
సామాజిక స్వార్థ యాత్ర.. హోరెత్తిన జనం
పంజాబ్ మాజీ ఈడీ అరెస్టు
కల్యాణం.. బ్రహ్మోత్సవం
విద్యార్థులకు నాణ్యమైన విద్యాబోధన
ప్రజాసమస్యలపై గళం వినిపించేది కమ్యూనిస్టులే
సామాజిక సేవా దృక్పథాన్ని అలవర్చుకోవాలి
పారిశ్రామికంగా ఎదగాలి
రైతుల గుండెల్లో వైఎస్సార్ స్థానం
బటన్ నొక్కితే ఓటు
రాజస్తానీలో ఎగ్జిబిషన్
420 కిలోల బెల్లం స్వాధీనం
శెట్టిపల్లి భూ సమస్యకు పరిష్కారం
గొట్టపు బావుల తవ్వకు స్థల పరిశీలన
దాసి కుటుంబానికి అండగా నిలుస్తుంది
టర్కీపై అమెరికా వైమానిక స్థావరం దాడి
రాజన్న సంక్షేమ రాజ్యాన్ని సుస్తిరం
విద్యుత్ ఉత్పత్తి రంగంలో ఎన్టీపీసీ అగ్రగామి
ధర్మరక్షణ కోసం పోరాడుతాం
అప్పుల తిప్పలు తప్పాయి
బడుగులకు రాజ్యాధికారం
‘గూడెం’ అభ్యర్థికి నామినేషన్
కేసీఆర్ సింహంలాంటి వాడు
క్రీడల్లో రాణించడం అభినందనీయం
మరోసారి ప్రేక్షకులను అలరించేందుకు సిద్ధమయ్యారు.. తారా సుతారియా ఇంటర్వ్యూ
ఎన్నికల సేనకు సహకరించాలి
ప్రచారం ముమ్మరం
రూ.50 లక్షల విలువ చేసే నగదు స్వాధీనం
సూదేపల్లెలో వీరంగం
మోసాలపై అప్రమత్తం అవసరం
పవన్ కళ్యాణ్ ఎంత ఘాటైన స్పీచ్?
డెంగీ వ్యాధినివారణకు చర్యలు చేపట్టండి
నేటి కార్యక్రమాన్ని విజయవంతం చేయాలి
శ్రీజగన్నాథ ఆలయ సేవకు రూ.5 లక్షలు
ఆసీస్ తో రియాన్ –1 మ్యాచ్ లు.. విధ్వంసం సృష్టించిన రియాన్
"పెండింగ్ బిల్లులు, డీఏ విడుదల చేయాలి"
ఢిల్లీలో ఉండొద్దు.. మన నిర్ణయాలు ఇక్కడే
ఉద్యమకారుల విషయంలో ఎందుకు నిర్లక్ష్యం?
మరో కార్డ్ ప్రెమ్
బాస్కెట్ బాల్ టోర్నీలో ఎంవీజీఆర్ జట్టు ప్రథమ స్థానంలో
పోలింగ్ ప్రశాంతం
మళ్లీ ఆదరణ చూపిన చిరుత
మద్యం దుకాణాలపై నిరంతరం నిఘా
సీ విజిల్ ‘కౌన్సిల్ ’
అసమ్మతి గోల ఓ కొలిక్కి రాలేదు
200 మందికి కాంట్రాక్ట్..
అదుపుతప్పి 600 కోళ్లు మృతి
కాంగ్రెస్ అభ్యర్థి మార్పు.. కార్యకర్తల్లో గందరగోళం
‘పత్తి’ కేంద్రాలు ప్రారంభం
విధుల్లో మినహాయింపు లేదు
ఏజెన్సీలో పసుపు సాగుపై ఆసక్తి
తుంగతుర్తిలోనూ టికెట్..
విశ్వరూప మహాసభను విజయవంతం చేయాలి
ఇసుక దోపిడీపై సీఐడీ కేసు
కోహ్లి అజేయ శతకం.. విరాట్ కోహ్లి అజేయ శతకం..
క్లుప్తంగా
ఐదుగురు నామినేషన్ దాఖలు
రోడ్డు ప్రమాదంలో యువకుడికి గాయాలు
ప్రకృతి విపత్తులపై అవగాహన అవసరం
తల్లే సృష్టి లయకారిణి
ప్రభుత్వాల మధ్య ఆరోపణల పర్వం
కారు.. హుషారు
జీజీహెచ్ కు చేరిన వైద్యశాఖ బృందం
ఏర్పా ఏర్పాట్లు చేయాలి
"సురేఖ, ధీరజ్ ప్రిక్వార్టర్ ఫైనల్లో ఆర్చర్లు"
స్వచ్ఛ సర్వేక్షణ్ పేరిట మురుగు
పదిహేను నిమిషాల్లోనే దూసుకు వస్తుంది
ఓటర్ల నమోదు ప్రక్రియ పరిశీలన
శరవేగంగా క్యాన్సర్ ఇన్ స్టిట్యూట్
పాత పెన్షన్ విధానాన్ని పునరుద్ధరించాలి
భారీ బందోబస్తు
7 సందీప్ రీ ఎంట్రీ.. కారణమేంటి?
రోడ్ షో చేసి.. గెలిచి..
బస్సు ప్రమాదంపై ‘నారాయణ’ నిర్లక్ష్యం
తక్షణమే వినియోగంలోకి తేవాలి
ఇంటిలో చోరీ కేసులో నిందితుడి అరెస్ట్
ఓడించిన తర్వాతే అమరవీరుల కుటుంబాలు దీపావళి
రైతుబజార్ కార్డులు రద్దు
రోడ్డు ప్రమాదంలో ఇద్దరి మృతి
పుస్తక పఠనంతోనే విజ్ఞానం
మహిళల ‘కంగ్రెస్ ’
అణిచి వేత వైఖరితోనే నేను బీఆర్ ఎస్ లోకి
విద్యుత్ షాక్ తో రైతు మృతి
దేశ గతిని మార్చే శక్తివంతమైన ఆయుధం
టాయిలెట్ వివాదం.. వ్యక్తి మృతి
ఆస్తుల సమస్య పరిష్కరించాం
జాతీయ ఉత్తమ ఉపాధ్యాయ అవార్డు
315 కిలోల గంజాయి స్వాధీనం
విద్యుదాఘాతంతో గాయపడిన వ్యక్తి మృతి
నేడు ఎంపీ నామినేషన్.. రేపు భారీ ర్యాలీ
ఇదేం వరి సాగు..
జిల్లా ప్రధాన ఆస్పత్రి
రిటైర్డ్ ఉద్యోగులకు హెల్త్ కార్డులు సరికాదు
కారుతో ఢీకొట్టి వ్యాపారి హత్య
జెడ్పీ చైర్మన్ ఆకేపాటి సేవా కార్యక్రమాలు
సంతానోత్పత్తి రేటు ఎందుకు పడిపోయిందో నితీష్ వివాదాస్పద వ్యాఖ్యలు
అపోలో జాతీయ కేన్సర్ అవగాహన దినోత్సవం
ఎన్నికల నియమావళిపై అప్రమత్తంగా ఉండాలి
సార్వత్రిక ఓటు హక్కు వైరా
ఆరుగురు జర్నలిస్టులపై కేసులు మోపివేత
స్టార్ హీరోకు ఏ మాత్రం తక్కువ కాదు..
గుంటూరు బార్ అసోసియేషన్ అధ్యక్షుడు సురేష్ కు సత్కారం
దంచి కొట్టిన వాతావారణ
ఉత్సాహంగా జిల్లాస్థాయి పోటీలు
అఫ్గనిస్తాన్ ను ట్రోల్ చేసిన మార్నస్ బ్యాటర్
పరిశ్రమల్లో భద్రతా ప్రమాణాలు పాటించాలి
ఉత్పాదకత తగ్గుతుంది..
జనరంజక పాలన
ఎస్ జీఎఫ్ సాఫ్ట్ బాల్ రాష్ట్ర జట్ల ఎంపిక
ఒక్కరికి ఒక్కసారే అవకాశం
ఏలేరు కాలువ లీకేజీ
సామాజిక సాధికార బస్సు యాత్రను విజయవంతం చేయండి
ప్రజారోగ్య సౌకర్యాల నిర్వహణపై ప్రత్యేక శ్రద్ధ
వనపర్తి అభ్యర్థి మార్పునకు..
ఓటర్ల జాబితాలను పరిశీలించండి
కాసులకు కక్కుర్తిపడి వెన్నుపోటుతో..
బస్సు యాత్రను విజయవంతం చేయాలి
మక్తల్
"బాణసంచా అక్రమ నిల్వలు, అమ్మకాలపై చర్యలు"
2 పవర్ చూపించిన సీఎం వైఎస్ జగన్
వైభవంగా పట్టాభిషేకం
రైతులూ.. వ్యవసాయం దండగ
"80 ఏళ్లు పైబడిన వృద్ధులు, దివ్యాంగులతో"
ఈసారి మెయిన్స్ లో గణనీయమైన మార్పులు
శ్రీలంకపై శతక్కొట్టిన ముష్పికర్ రహీం.. విధ్వంసం సృష్టించిన ముష్ఫికర్ రహీమ్
నాగర్ కర్నూల్ స్థానం బీజేపీకే కేటాయించాలి
శ్రీకృష్ణదేవరాయానికి ఎలక్ట్రికల్ కార్ల అందజేత
అవినీతిపై దర్యాప్తు సంస్థల విచారణ
ఆసీస్ తో మ్యాచ్.. భారత జట్టు ప్రకటన.. కెప్టెన్ కు షాక్
రాజీమార్గం ద్వారా కేసులు పరిష్కరించుకోవాలి
వాగుర అంటే మగ గణములు వచ్చి తగులురీతియున్నది
టీమిండియా చేతిలో 243 పరుగుల తేడాతో దక్షిణాఫ్రికా ఘోర ఓటమి.. విధ్వంసం సృష్టించిన ప్రోటీస్
దావణగెరె జిల్లాలో భారీ వర్షసూచన
అభివృద్ధికి వనమా హామీ
రూ.3 వేలకోట్ల విలువైన స్టార్టప్.. వివర్క్ పిటిషన్
నిరుద్యోగు ల పట్ల వివక్ష
వార్డెన్ ఇష్టారాజ్యం
జీవకణాలపై విస్తృత పరిశోధనలు
సాహసోపేత నిర్ణయాన్ని సీఎం జగన్ అమలు చేస్తాం
పురంధేశ్వరికి కౌంటరిచ్చిన ఎంపీ విజయసాయిరెడ్డి
డిసెంబరు 3న హైదరాబాద్ లో జరగాల్సిన మ్యాచ్
న్యూస్ రీల్
విజయుడికే బీఫాం
కూచిపూడి నృత్యంలో శిక్షణ పొంది ఉత్తమ ప్రదర్శనలు
పటిష్ట భద్రత నడుమ..
బీభత్సం సృష్టించిన కారు
ఇంకా నిరీక్షణే..!
ఎన్నికల కమిషన్ నిబంధనల మేరకు విధులు
గెలిపిస్తేనే మళ్లీ వస్తా..
పన్నీరు సెల్వానికి మరో షాక్
బెంగళూరులో ఉద్రిక్తత
కేంద్ర సమాచార కమిషన్ ప్రధాన కమిషనర్ గా హీరాలాల్ సమారియా
9న తెలుగు పాస్టర్ల సమావేశం
కమలం.. ఎల్బీ స్టేడియం
ఇంటికొచ్చి అప్పుగా రూ.2.50 లక్షలు తీసుకున్నా..
కొనసాగుతున్న నామినేషన్ల స్వీకరణ
ఏర్పాట్లు పూర్తి చేయాలి
రోడ్డు నిర్మాణానికి సహకరించండి
నామినేషన్ కు సర్వం సిద్ధం
"‘సాక్షి’ మ్యాథ్స్ –బీ, మ్యాథ్స్ –బీకు స్పందన"
రైతు భరోసా.. గిరిజన రైతుకు లబ్ధి
అదృశ్యమైన పెదపూడి
ఉత్కంఠకు తెర
మూన్ లైటింగ్ పై క్రిస్ విలియమ్స్ కీలక వ్యాఖ్యలు
కేజీహెచ్ లో కార్పొరేట్ వైద్య సేవలు
వాట్సప్ యూజర్లకు శుభవార్త!
ఉచిత కంటి వైద్య శిబిరం
నాటకాలకు ఆదరణ తగ్గింది
రూరల్ పోలీస్ స్టేషన్ భవనం పరిశీలన
మళ్లీ వచ్చేది జగన్ ప్రభుత్వమే
హృదయపూర్వకంగా కృతజ్ఞతలు
అనంత చోరీ కేసులు ఇలా..
గంజాయి తరలిస్తున్న ముగ్గురి అరెస్ట్
బిహార్ లో షాకింగ్ దొంగతనం.. క్షణాల్లోనే ఖాళీ
"ప్రతి నెల 20లోపు అన్నభాగ్య, గృహలక్ష్మి పథకాలు"
నా వ్యాఖ్యలకు కట్టుబడి ఉంటా..
మద్యాన్ని అక్రమంగా నిల్వ చేస్తే చర్యలు
గొప్ప క్రీడాకా రులుగా ఎదగాలి
ఎన్నికల నిబంధనలు స్పష్టంగా తెలుసుకోవాలి
తప్పులు లేకుండా ఓటర్ల జాబితా రూపొందించాలి
ఇంటింటా ఆరోగ్య భాగ్యం
2023: అనూహ్యంగా ఓటమిపాలిన ఆఫ్ఘనిస్తాన్లు
ఎనిమిది స్కూల్ ఆటోలపై కేసులు
గుడిసె దగ్ధం
సామాజిక ఇంజినీర్లుగా జేఎన్ టీయూ
ప్రజాస్వామ్యంలో ఓటు వజ్రాయుధం
"మ్ లీవ్స్, మ్ మేకలో ‘యాత్ర’ 2"
ఎలక్ట్రికల్ కార్మికుల సమస్యలు పరిష్కరించండి
హత్య కేసులో నిందితుడి అరెస్టు
ఎన్నికల నిర్వహణకు సిద్ధంగా ఉండాలి
పరిశ్రమల అభివృద్ధికి కృషి చేయాలి
తాత్కాలిక కార్యాలయాలు ఏర్పాటు..
చార్లీ చాప్లిన్ చిత్రం మంచి విజయం
38 మండలాల్లో వాయుగండం
కాంగ్రెస్ అధిష్టానం.. ఎలక్షన్ జాబితా
పట్టపగలు ఇళ్లలో చోరీ
ప్రవేశ పరీక్షలకు దరఖాస్తు గడువు
సర్జరీ లేకుండానే మీ నొప్పి తగ్గుతుంది
సబ్బండల సంక్షేమమే ధ్యేయం
వెండితెర
అన్నాడీఎంకే ప్రధాన కార్యదర్శి తానే
కాంగ్రెస్ శ్రేణులకు ఊరట దక్కేనా?
హ్యాట్రిక్ కొట్టాలే..!
సౌకర్యవంతంగా రిజిస్ట్రేషన్ సేవలు
బీసీలు అ బ్యాక్ వర్డ్ క్యాస్ట్ కాదు
హత్య కేసులో నిందితుడి అరెస్ట్
ఇంకా నిరీక్షణే..!
అనుమతులు లేకుండా బాణసంచా విక్రయాలు
ఉమ్మడి జిల్లాలోని అన్ని నియోజకవర్గాలకు
కోడ్ ఉల్లంఘనలపై కేసులు నమోదు
60 లిక్కర్ బాటిళ్లు ఖాళీ
పండగలా..
ఎస్సీ వర్గీకరణకు పోరాటం
కేఎల్ లో ప్రవేశ పరీక్షలు
బెక్కి బెక్యు సిరీస్.. బాయ్ ఫ్రెండ్ తో చర్చిస్తే..
డ బుల్ ఇంజన్ సర్కార్ ఉంటేనే అభివృద్ధి
ఎన్నికల నిబంధనల మేరకు మద్యం సీజ్
రెండు విమానాలు రద్దు
సర్వే బృందానికి ఆస్తి ధ్రువీకరణ పత్రాల పరిశీలన
స్వార్థ ప్రయోజనాల కోసం అభాసు
సబ్ రిజిస్ట్రార్ మధ్యే అసలైన వివాదం
బీఎన్ రోడ్డు పనుల్లో నాణ్యత పరిశీలన
పదవ తరగతి విద్యార్థులకు ప్రత్యేక తరగతులు
nan
పరిశోధన రంగంపై అభిరుచితో..
ఉద్రిక్తతపై దాడి ఘటనలో ప్రధాన నిందితుడు
సమస్యలపై అప్రమత్తంగా ఉండండి
దీపావళి సందర్భంగా ప్రత్యేక రైళ్లు
హాసనాంబదేవి దర్శనానికి 5వ రోజు భారీ సంఖ్యలో భక్తులు
క్రీడలతో మానసికోల్లాసం
యూట్యూబ్ వీడియోలు తీస్తూ వివాదాస్పద మృతిపై కేసు
ముగ్గురు సీఐలకు షోకాజ్ నోటీసులు
సామాజిక సాధికార యాత్ర
ఘనంగా ట్వింకిల్ ఫ్యాషన్ షో
ప్రజా ఆరోగ్యానికి అధిక ప్రాధాన్యం
మార్పులతోనే జ్వరాలు
సముదాయానికి సీఎం పదవి
సాక్షి మనీ మంత్ర: లాభాల్లో ముగిసిన స్టాక్ మార్కెట్ సూచీలు
విధుల్లో అప్రమత్తంగా ఉండండి
కృష్ణానది తీర ప్రాంతం అయినా
రేసింగ్ సత్తా చాటి విజేత సారా మూర్
సైన్స్ పట్ల అవగాహన
ప్రచారం.. ఉపాధి
"‘సాక్షి’ స్పెల్ –బీ, ఇంగ్లిష్ –బీ"
మార్టూరులో చోరీ
ఓటు హక్కు వినియోగించుకోవాలి
కాంగ్రెస్ విజేతలకు బీఫాం
మేయర్ పదవికి త్రివేణి రాజీనామా
‘మజ్లిస్ ’ దూకుడు
అమరవీరుల ఆశయ సాధన కోసం పోరాడుదాం
సీపీఎంతో పొత్తు కోసం ఫోన్ చేసిన సోనియా గాంధీ
ప్రైవేట్ ట్రావెల్స్ బస్సు ఢీ.. ద్విచక్ర వాహనచోదకుడు మృతి
ఓటు.. కనీస అవసరం
జైలుకు వెళ్లినా సీఎం పదవికి రాజీనామా చేయొద్దు
అర్జీలకు స్పష్టమైన సమాధానం ఇవ్వండి
వైభవంగా మారియమ్మ ఆమ్మవార్ల పూజలు
అమ్మవారి సేవలో ప్రముఖులు
టీసీ ఇచ్చామన్నారు.. కుమారుడి నిరసన
9 ఎఫ్ ఎక్స్ పేరుతో ఘరానా మోసం
గిరిజనుల కోసం బదిలీ ఉత్తర్వులు
కొనసాగుతున్న నామినేషన్ల పర్వం
బస్టాండ్ ఆవరణలో ఇద్దరి రిమాండ్
మండలం 18–19
26 నామినేషన్లు దాఖలు
11 మంది పత్రాలు సమర్పించారు
క్రీడలకు ప్రాధాన్యం ఇవ్వండి
ధాన్యం సేకరణకు పటిష్టం
రూపాయి వడ్డీతో పది కోట్ల రుణాన్ని ఇప్పిస్తా
నేటి నుంచి జైత్ర యాత్ర
మ్యాక్స్ వెల్ విధ్వంసకర ఇన్నింగ్స్.. ఆసీస్ చిరస్మరణీయ విజయం
పేద విద్యార్థుల అభ్యున్నతికి ప్రాధాన్యత
ఎమ్మెల్యే కుటుంబానికి రూ.5 లక్షల చెక్కు అందజేత
"తప్పుడు సమాచార వ్యాప్తికి సంబంధించి నటి రష్మిక,డీప్ ఫేక్ వీడియో"
ఉస్మానియా విశ్వవిద్యాలయం నుంచి డాక్టరేట్ ప్రదానం
కాంగ్రెస్ గూటికి చేరిన బీఆర్ ఎస్ నేతలు
9న సీఎం కేసీఆర్ నామినేషన్
ద్విచక్ర వాహనాల దొంగ అరెస్ట్
ఇక ‘ఆ స్ట్రాంగ్ ’ బ్రేక్!
హైదరాబాద్ లో రిలయన్స్ రిటైల్ స్టోర్ ప్రారంభం
జాక్ పాట్ వరించిన లాట రీ టికెట్
జనగామ ఎమ్మెల్యేగా గెలిపించాలి
అధ్యాపకులకు మధురానుభూతి
పథకాలు అమలు చేస్తాం
దువ్వాడ మీదుగా ప్రత్యేక రైళ్లు
అలరించిన పౌరాణికం
ఓటర్ అవగహన రథం ప్రారంభం
హోర్డింగ్ పై యువకుడి భయాందోళన
పవన్ కల్యాణ్ ఒక బ్రోకర్.. ఇక్కడ రాజకీయాలు చేస్తే ఊరుకోం
సామాజిక సాధికార యాత్రను విజయవంతం చేయండి
పునరుత్పత్తి సాగు విధానం ఏంటీ?
సామాజిక సాఽధి యాత్ర విజయవంతం
న్యూస్ రీల్
"కంటి వెలుగులో సుమారు 1,600 కేసులు"
జాతీయ స్థాయి పోటీలకు ఎంపిక
కారేపల్లిలో విస్తృత తనిఖీలు
ధరణి ఉంటే మళ్లీ పాతరోజులే..
మహిళపై కేసు నమోదు
పోలీసు ఇంట్లో నగలు చోరీ
ఆఫీస్ స్పేస్ లో విప్లవాత్మక మార్పులు
టీడీపీ నేత గోవిందరెడ్డి ఇంటి పనులు ముట్టడి
పలువురికే బైండోవర్
దీపావళి సందర్భంగా హైదరాబాద్ లో ప్రత్యేక రైళ్లు
సింహగిరిపై గోపూజలు పునరుద్ధరించారు
కుల పోళ్లు ఎంతమంది ఉంటరే..
వెనకబడిన వర్గాలకు న్యాయం
"బీపీసీఎల్, ఏషియన్ పెయింట్స్, డాక్టర్ రెడ్డీస్ ల్యాబ్స్, సిప్లా లాభాల్లో.."
ఇంకా నిరీక్షణే..!
స్నేహితుని కుటుంబానికి అండగా నిలవాలి
‘వేర్ ఇట్ ’ యాప్.. ఎలా పనిచేస్తుందంటే?
నేడు సామాజిక సాధికార బస్సు యాత్ర
రథచక్రాల కింద నలిగిపోవద్దు
బీజేపీ అభ్యర్థుల నాలుగో జాబితా విడుదల
డీఎన్ ఏ వల్లే ఆమెకు ప్రాణం తీసిన యూరోపియన్ మహిళ
బర్రెలక్క కాసుకుంటున్నానని...
"పత్తి ధర రూ.7,150"
సౌతాఫ్రికా కెప్టెన్ రోహిత్ కు ఫీల్డింగ్ కోచ్ టిదిలీప్ షాక్
వైభవంగా నల్లమ్మ జాతర
ఆభరణాల గురించి శృతిహాసన్ సందడి
వేధింపుల కేసులో నిందితుడికి జైలు
సీపీఎం పట్టుబట్టడం.. గెలిచేదెన్నడో?
క్రెడిట్ కార్డు బ్లాక్.. అప్ డేట్ కోసం ఇలా..
ఆర్ధిక స్వయం సమృద్ధి సాధించాలి
రూ.1.94 కోట్లతో నాలుగు థీమ్ పార్కులు
పూరీలో జగన్నాథ దర్శనం
సీపీఎం అభ్యర్థులను గెలిపించాలి
గ్రామీణ ప్రాంత పేద కుటుంబాలకు సహాయం
‘ఈకేవైసీ’ ప్రక్రియ నిదానం
పాడేరులో నేడు అరకువేలీ ప్రాంతాల్లో పర్యటిస్తం
పురుగు మందు తాగి మహిళ ఆత్మహత్య
అవినీతి నిర్మూలనతోనే సమాజ అభివృద్ధి
బురద జల్లే ప్రయత్నం చేస్తున్నారు
‘నోటా’.. ఎవరికీ ఈవీఎం?
గొండుగూడలో విషాదం
రైతులకు ఇచ్చిన హామీలు అమలు చేయాలి
గండ్లవాగుగా గుండ్లవాగు
9న కాళీపట్నం రామారావు మాస్టారు జయంతి
విలువలతోనే సామాజికాభివృద్ధి
హెలీప్యాడ్ ప్రాంగణ పరిశీలన
మహేంద్ర సింగ్ ధోని బ్రాండ్ అంబాసిడర్ గా మహేంద్ర సింగ్ సింగ్
ఓట్ల పండుగ
బీఆర్ ఎస్ కు ప్రత్యామ్నాయం బీజేపీయే
బాలబాలాజీ స్వామి ఆద్యంతం
అవినీతి పాలనకు చరమగీతం పాడాలి
బిగ్ బాస్ హౌస్ లో ఓ మ్యాజిక్ ఉంది..
అలల ఘోషను మించి
ఫుల్ టీమ్.. బీఫారాల పంపిణీ
వ్యవసాయంపై పరిశోధనలు చేయాలి
ఈగల్ టీజర్.. ఆడియెన్స్ రెస్పాట్ గా రవితేజ
పోలింగ్ కేంద్రాలను పరిశీలించిన జాయింట్ కలెక్టర్
సీఎం మనోహర్ లాల్ ఖట్టర్ వీడియో!
ఓటును అమ్మేస్తే వచ్చేది ఇలా..
వైభవంగా మురిసిన భక్తజనం
శైవ క్షేత్రాలకు ప్రత్యేక బస్సులు
తప్పేదెప్పుడు?
జిన్ పింగ్ : పెంపొందించుకోవాలి.. పిల్లలను కనండి
రాజగిరిలో డిప్యూటీ స్పీకర్ కోలగట్ల స్వాగతం
పసుపు కల్తీ.. షాకింగ్ విషయాలు
షకీబ్ కు వార్నింగ్ ఇచ్చిన ట్రెవిన్
ఆన్ లైన్ లో ప్రవేశ పరీక్షకు ఉచిత శిక్షణ
ప్టోసిస్ అంటే వింత వ్యాధి.. మహిళకు వచ్చిన వింత వ్యాధి!
ఎంపీ మహువా సభ్యత్వం రద్దు చేయాలి
రైతుకు భరోసా
సచిన్ రికార్డు సమం చేసిన విరాట్.. సచిన్ అభినందనలు
టీ తయారీదారుపై వినూత్న ప్రయోగం.. వీడియో వైరల్
ప్రచారం చేసిన ఎమ్మెల్యే అభ్యర్థి
ఆన్ లైన్ లోన్ పేరిట మోసం
మహానాడుపై పిటిషన్ దాఖలు
'పుష్ప' డైలాగ్ వివాదంపై క్రికెటర్ల క్రేజీ కామెంట్స్
బెంగళూరులో భారీ వర్షం
అత్తవారింటికి వడ్డిప వెళ్తానని
పొన్ముడికి సుమోటో కేసు
బీచ్ లో పటిష్ట ఏర్పాట్లు చేయాలి
జాతీయ రహదారిపై తప్పిన లారీ
ఖాతాలో డబ్బులు పోగొట్టుకున్న బ్యాంక్ మేనేజర్
ఓటును అమ్ముకుంటే జీవితం అంధకారం
అఽభ్యర్థులకు బీఫాంలు
చేరికలు నిక్కచ్చిగా ఉండకుండా..
ద్విచక్ర వాహనంలో రూ. 2.25 లక్షల చోరీ
పాముకాటుతో చిన్నారి మృతి
పింఛన్ అందించిన వలంటీర్లు
జగన్ తోనే బెస్తలకు ప్రాధాన్యత
స్పేస్ ఎలివేటర్
డీప్ ఫేక్ వీడియోపై కేంద్రం సీరియస్ గా స్పందించిన కేంద్రమంత్రి
దీపావళి వేడుకలు షురూ..
టెండర్ ఓటు.. చాలెంజ్ ఓటు
ప్రగతి పథంలో..
జనరంజకంగా జగనన్న పాలన
ఎన్నికల్లో గెలుపే లక్ష్యంగా బీఆర్ ఎస్ అధినేత
గ్రామాల్లోకి వస్తే నిలదీయాలి
పోటెత్తిన నామినేషన్లు
బస్సు అదుపుతప్పి.. నలుగురికి గాయాలు
వెండితెర
చట్టాలపై అవగాహన ఉండాలి
బోయకొండ దీవెనలకు భక్తుల తరలివచ్చిన భక్తులు
టీడీపీలో మిగిలిన చంద్రబాబు
హైదరాబాద్ లో 25 మంది నామినేషన్లు దాఖలు
అభివృద్ధికి ముందడుగు
పడిపోయిన ఆదాయం
కాంగ్రెస్ గూటికి వనపర్తి
రేపటి నుంచి కబడ్డీ ఎంపిక పోటీలు
దళారులకు ఆశ్రయించి నష్టపోకూడదు
అసంతృప్తులపై ప్రత్యర్థి ఓట్లు
పకడ్బందీగా ఏర్పాట్లు
విద్యుత్ వైర్లతో మహిళ ఆత్మహత్య
కాంగ్రెస్ సీనియర్ నేత యవ్వారం
బర్త్ డే కేక్ తయారీకి కావల్సినవి..
అలరించిన శ్రీనివాస సంగీత గేయధారం
త్రుటిలో పెను ప్రమాదం
టెస్ట్ ఎగ్జామినేషన్స్ కోసం దరఖాస్తుల ఆహ్వానం
ఉత్సాహంగా సైక్లింగ్ పోటీలు
చిత్తూరు ఎమ్మెల్సీ భరత్
వేర్వేరు ప్రమాదాల్లో ఐదుగురికి గాయాలు
జగనన్న ఆరోగ్య సురక్ష
కోళ్ల పరిశ్రమతో ఉపాధి మార్గాలు
ఓటు హక్కును వినియోగించుకోవాలి
ఉత్కంఠకు తెర
కబడ్డీ పోటీలకు కేడీసీ విద్యార్థుల ఎంపిక
పిక్చర్ గా కాలేదు
దొరల పాలన కావాలా తేల్చుకోండి
ముందస్తు ఏర్పాట్లపై మున్సిపల్ సమీక్ష
కోట్లాదితో థీమ్ పార్కులు
ప్రజాసంకల్ప యాత్ర చరిత్రాత్మకం
కాంగ్రెస్ కు ఆదివాసీ గిరిజనుల బుద్ధి చెప్పాల్సిందే
డ్వాక్రా బజార్ లో పొదుపు మహిళలకు డిమాండ్
ఆయుర్వేద చికిత్సతో కలిగే ఉపయోగాలు
మాడుగుల ఆలయానికి పోటెత్తిన భక్తులు
కుటుంబ పాలనకు చరమగీతం
నిరంతరం అప్రమత్తంగా ఉండాలి
పోటెత్తిన ఓటరు..
స్వతంత్రుల ఓట్ల మెజార్టీ..
మోటారు వాహన చట్టసవరణపై అవగాహన అవసరం
ముగిసిన సాహిత్య పోటీలు
బీజేపీ లెక్కలు తేల్చింది
ఇసుక తవ్వకాలు అక్రమ రవాణా చేస్తే చర్యలు
ఉమన్స్ క్రికెట్ జట్టుకు జిల్లా క్రీడాకారిణి
సర్వీస్ బ్లాక్ కు మోక్షం
అదుపు తప్పి కింద పడి వ్యక్తి మృతి
ఎవరో వస్తారని ఎదురుచూస్తారా?
నానావిధాలుగా దుర్భాషలాడి
బిజినెస్ టైకూన్ గా ధీరూభాయ్ అంబానీ
"అవినీతి, లోటుపాట్లు కాదు.."
రాష్ట్రాల్లోని ప్రత్యేక పరిస్థితుల ఆధారంగా
వజ్ర కిరీటం.. అమ్మవారికి అలంకారం
హాకీ పోటీల్లో చాంపియన్ గా కడప
ఎల్లారెడ్డిలో వలసల జోరు!
బాల్య వివాహల ఉరితాళ్లు
పెనుకొండ జిల్లా కేంద్రాన్ని రద్దు చేయాలి
50 ఏళ్ల గోసకు కారణం కాంగ్రెస్ యే..
ఓటును బహుమతులకు అమ్ముకోవాలి
చదువుకోవాలి.. విషాదం
333 అర్జీల సమర్పణ
అభ్యర్థులపై కేసుల నమోదు
ప్రజల ఆశీర్వాదంతో అభివృద్ధి
సాగుకు పెట్టుబడి సాయం
ఉపాధి భద్రతపై ఏమాత్రం?
చికిత్స పొందిన వంతల వైష్ణవి మృతి
మెరుగైన ఫలితాలు సాధనే లక్ష్యం
ఒడిశాలో సంయుక్త దాడులు
"1,670 మందికి కంటి శుక్లాల ఆపరేషన్లు"
పీడబ్ల్యూసీ కష్టాల్లో ఉద్యోగులు
ఫుట్ బాల్ క్రీడాకారులకు సన్మానం
పోలింగ్ కేంద్రాలను సందర్శించిన కలెక్టర్
అదృష్టం పరీక్షించుకున్న కొత్త నేతలు
హాకీ పోటీల్లో జిల్లా జట్టు రన్నరప్
అదుపు తప్పి బోల్తా
గాజా సిటీ వీధుల్లో ఇజ్రాయెల్ సేనలు
అమలాపాల్ తో రెండో పెళ్లి.. ఫొటోలు వైరల్
బీజేపీ పాతకాపులకు చాన్స్
చెరువులో ఈతకు వెళ్లిన విద్యార్థి శవమై మృతి
మొరాయించిన ఈవీఎం
డీఈగా ఇంజినీర్లుగా పదోన్నతి
పెనుభూతం
పుట్టపర్తిలో సీఎం జగన్ పర్యటన
సింహగిరిపై గోపూజల పునరుద్ధరణ
శిశు సంరక్షణపై దృష్టి సారించండి
ఉరేసుకొని వ్యక్తి ఆత్మహత్య
వంతెనకు ఇరువైపులా ఇనుప గడ్డర్లు
గెలుపెవరిదో..
చిరుధాన్యాల పంపిణీ
రాష్ట్రంలో వేల కోట్ల వక్ఫ్ ఆస్తులు అన్యాక్రాంతం
"రికార్డు అసిస్టెంట్, హోంగార్డుపై వేటు"
రైతును రాజుగా చేసిన కేసీఆర్
బీజేపీ నాయకుల ఆత్మహత్యాయత్నం
డిప్యూటీ స్పీకర్ పదవికి రజనీకాంత్ రాజీనామా
రాష్ట్రస్థాయి పోటీల్లో జిల్లా క్రీడాకారుల సత్తా
తిరుభవనంలో రూ.5 కోట్లకు మేకలు విక్రయం
హోరాహోరీగా బాక్సింగ్ పోటీలు
అయోధ్యలో రామాలయ నిర్మాణ పనులు శరవేగంగా ప్రారంభం
ఆశ్రమంలో ప్రత్యేక కార్యక్రమాలు
"పశువులు, మేకలకు కోమారి వ్యాక్సిన్లు"
జగ్గారెడ్డిని తరిమికొట్టండి
జ్యుడీషియల్ కస్టడీ గడువు పొడిగింపు
జగనన్న ఆరోగ్య సురక్షపై ప్రత్యేక దృష్టి
కాంగ్రెస్ కు ‘ఓపెన్ ’ రాజీనామా
రూ.59కోట్లకు పైగా విలువచేసే ఆస్తులు
ఆర్మీ ఉద్యోగిపై దౌర్జన్యం
9 నుంచి పోటెత్తిన భక్తజనం
ద్విచక్ర వాహనం దగ్ధం
సమష్టిగా కృషి చేయాలి
ఉపాధ్యాయులపై వేధింపులు
"క్రమశిక్షణ, హాస్యకళాభావంతో ఉన్న లక్ష్యాలు సాధించుకోవాలి"
శిక్షణ తరగతులకు నోటీసులు
పేదింటి విద్యార్థికి అరుదైన గౌరవం
ప్రాజెక్టుల పేరుతో ప్రజాధనం దుర్వినియోగం
ఆకర్షణీయమైన బొమ్మలు
పార్టీలో దిద్దుబాటు చర్యలు
కల్లు దుకాణాలపై నార్కోటిక్స్ దాడులు నిలిపేనా
సర్వే నిలిపివేతకు నిరసన
ఓటరు జాబితా విడుదలపై హర్షం
మరోసారి జగన్ సీఎం అవుతారనే భయం
కావలిలో రౌడీల ప్రోత్సాహం ఖరారు
ప్రకృతి ప్రేమికుల మనస్సులు
నాన్ లోకల్ సెంటిమెంట్ కొనసాగుతుందా?
ప్రతాపగిరి గుట్ట అందాల పరిశీలన
దివ్యాంగుల సంక్షేమ సంఘం అధ్యక్షుల ఎన్నిక
అలరించిన నాటిక అద్భుతం
మసాలా ఎగ్ పనియరం.. భలే రుచిగా ఉంటాయి
తెలుగు –1 పోస్టుల భర్తీకి దరఖాస్తులు ఆహ్వానం
బీజేపీ బలమైన అభ్యర్థి..!
"ఈడెన్ గార్డెన్స్ పిచ్ కష్టం.. విరాట్ కోహ్లి, శ్రేయస్ అయ్యర్ గెలుపు"
సైన్స్ పట్ల అవగాహన
గోవిందాపురంలో ఘర్షణ
లారీ ఢీకొని మహిళ మృతి
బీసీలకు సబ్ ప్లాన్!
లోకేష్ కు బద్ది రాలేదు
ఊళ్లు కలిపేది..
ఉరవకొండలో మూవీ షూటింగ్ ప్రారంభం
గిరిజనుల సమస్యలు పరిష్కరించాలి
మంత్రి వాహనం తనిఖీ
చలమల్ల కృష్ణారెడ్డికే కమలం
రైలు నుంచి జారిపడిన యువకుడు
మెంటల్ బోర్డు చైర్ పర్సన్ పోస్టు భర్తీకి నోటిఫికేషన్
రైతులకు తీవ్ర నష్టం
90 మామిడి చెట్లు నరికివేత
కేసీఆర్ కామారెడ్డిలోనూ పోటీకి సిద్ధం
నామినేషన్లపై అప్పగింత
ఆప్ కాస్ట్ జిల్లా స్థాయి పోటీలు
అక్రమాల జరగకుండా నిరంతరం నిఘాట్లు
ముగిసిన పింఛన్ల పంపిణీ
పొలిటికల్ క్లెమెట్
రైల్వే ఆస్తుల భద్రతపై విమ ర్శలు
ఆలయాల అభివృద్ధిపై ప్రత్యేక దృష్టి
అందరికీ కృతజ్ఞతలు
ట్రాఫిక్ పోలీసుల జరిమానా
వైన్ షాపు తొలగించండి
బిడ్డను ఇచ్చిన మామను.. అల్లుడే హత్య
ఇంటి నుంచే ఓటేసే అవకాశం
రాజ్యాంగ పరిరక్షణకు ఐక్యంగా ఉద్యమించాలి
బీజేపీ అభ్యర్థిగా దుర్గం అశోక్
రైతు బాగుంటేనే దేశం బాగుంటుంది
మంత్రి పదవులు పొందిన ఇద్దరు రాజీనామా
హైదరాబాద్ తిరిగొచ్చిన స్టార్ హీరో ప్రభాస్.. త్వరలోనే ‘సలార్ ’
జగన్ సీఎం అయితేనే అన్నివర్గాలకు సామాజిక న్యాయం
భూ తగాదాతో ఇరు వర్గాల గొడవ
పెయ్యదూడల ఉత్పత్తికి శ్రీకారం
బీజేపీ నేత సంచలన వ్యాఖ్యలు.. సందీప్ దయమాపై బీజేపీ కఠిన చర్యలు
పొరపాట్లకు తావు లేకుండా చూడాలి
భక్తిశ్రద్ధలతో ఆదివాసీల దండారీ సంబురాలు
టెక్ దిగ్గజం విప్రో వర్క్ ఫ్రం హోంపై కీలక నిర్ణయం..
వన్డే వరల్డ్ కప్ 2023: దక్షిణాఫ్రికాకు బిగ్ షాక్!?
రష్మిక మందన్నా.. డీప్ ఫేక్ వీడియోపై నటుడి రియాక్షన్
మరో 25రోజుల్లో కాంగ్రెస్ పాలన
అర్హులందరికీ రుణాలు
ఆసీస్ ఘన విజయం.. సిరీస్ మనదే
కామాక్షి ఆలయ హుండీ కానుకల లెక్కింపు
కులగణన చేపట్టాలి
9న శ్రీరామ విజయోత్సవ శోభాయాత్ర
గోద్రేజ్ క్యాపిటల్ తన రుణ పుస్తకాన్ని భారీగా పెంచుతాం
సిర్పూర్ లో నామినేషన్లు దాఖలు కాలేదు
ఆర్ బీకేల సేవలకు భరోసా
ఉత్కంఠ వీడటం లేదు
పూర్తిస్థాయిలో భద్రత
‘ఇదొక గుత్తి.. పుష్పగుత్తిలో పూలు మాయమయ్యాయి’
కిడా చిత్రం సువర్ణం
సమష్టిగా పనిచేసి అవార్డుల ప్రదానం
త్రిష మరో మల్టీ స్టారర్.. ఈమెకి ఛాన్స్
‘వరి’ సిరులు
కాంగ్రెస్ గెలుపు కోసం పనిచేయాలి
ఆత్మరక్షణ అవసరం
ఓట్ల లెక్కింపు కేంద్రాల్లో ఏర్పాట్లకు చర్యలు
రాష్ట్రస్థాయి బాస్కెట్ బాల్ పోటీలకు ఎంపిక
గంజాయి సాగులో బట్టబయలు
ఎన్నికల నిర్వహణకు అన్ని ఏర్పాట్లు
సొంత భవనం లేదు..
కోనాంలో గంజాయి తరలిస్తున్న కారు
ఔరా అనిపించిన స్వతంత్రులదే
పాలకొల్లులో ఉత్సవమూర్తుల రథయాత్ర
జజర్ కోట్ లో మళ్లీ భూకంపం
బోథ్ కాంగ్రెస్ అభ్యర్థికి వన్నెల అశోక్..!
కేఆర్కే కాలనీలో మద్యం అమ్మకాదు
ఐసీసీ వన్డే వరల్డ్ కప్ లో పేసర్ మహ్మద్ సిరాజ్.. పాక్ స్పీడ్ స్టార్ హ్యాట్రిక్ విజయం
చంద్రబాబు ఇంటికి పది అడుగుల దూరంలో ఉండికూడా
ఉత్సాహంగా బ్యాడ్మింటన్ పోటీలు
పోటెత్తిన ఓటర్లు..
‘కాంగ్రెస్ మద్దతు ఇవ్వండి’
గిరిజనుల అభ్యున్నతికి కాంగ్రెస్ దోహదం
శారీరక శ్రమ తప్పనిసరి
చెవిటివారిపల్లిలో అక్రమంగా తరలిస్తున్న టపాసుల స్వాధీనం
టాటా ఏస్ వాహనం బైక్ ను ఢీకొట్టిన బీట్ ఆఫీసర్
కళ్లారా చూసుకునేందుకు..
గురుకులంలో ఉద్రిక్తత
బీసీ ఆత్మగౌరవ సభను విజయవంతం చేయండి
ఉత్కంఠ ముంచుకొస్తున్నా
12 వేల ఉద్యోగుల తొలగింపు రద్దు.. కారణం ఇదేనా?
పుణ్యక్షేత్రాలకు ప్రత్యేక బస్సులు
కిలో ఇత్తడి రేకుపై..
‘మాకు ఉన్నది పుతిన్ ఒక్కటే’
రాష్ట్రానికి ఒరగబెట్టిందేమీ లేదు
పేదల సొంతింటి కలను సాకారం
ముగిసిన లక్ష్మీనర్సింహ బ్రహ్మోత్సవాలు
"గ్రూప్ – 1, 2 ఉద్యోగ పరీక్షలపై స్పందన"
గుర్తుతెలియని వ్యక్తి మృతదేహం లభ్యం
మార్కాపురం.. జనసంద్రం
సీ–విజిల్ యాప్ ద్వారా ఫిర్యాదులు
పెంపుడు కుక్కలు కరిచాయని పోలీసులకు ఫిర్యాదు
మద్యం దుకాణాలపై నిఘా
ప్రచారాలపై పర్యవేక్షణ
న్యాయస్థానం జీవిత ఖైదు
పసిడి.. బంగారం
రైలు నుంచి జారిపడిన యువకుడు
పోలీ సోళ్ల కూడా ఉండనివ్వొద్దు: అజయ్
గ్లోబల్ గా తీర్చిదిద్దాలి
తాడిపత్రిలో కంపు రాజకీయం
పకడ్బందీగా ఎన్నికల విధులు
ఖరీఫ్ కోతలకు మేలు
వైభవంగా బ్రహ్మోత్సవాలు
పోక్సో చట్టం కింద యువకుడి అరెస్టు
తెలంగాణ తరహా అభివృద్ధి ఏ రా ష్ట్రంలో జరగలేదు
కోడెల కొనుగోలుకు ఆసక్తి
పిడుగుపాటుకు వ్యక్తికి తీవ్రగాయాలు
బహుముఖ ప్రజ్ఞాశాలి సూర్యకాంతం
డిగ్రీ (బీఎస్సీ) రాజకీయ ప్రస్థానం
అంతర్ కళాశాల కబడ్డీ టోర్నీలో ఎస్ ఆర్ ఆర్ ఆర్ ఆర్ అండ్ సీవీఆర్ జట్టు విజయం
ఎస్ జీఎఫ్ సాఫ్ట్ బాల్ రాష్ట్ర జట్ల ఎంపిక
క్రీడల్లో ప్రతిభ కనబర్చాలి
మహిళలకు మేలు
చెరుకు ఫ్యాక్టరీ.. నేతలకు గుబులు
గుర్తుతెలియని వ్యక్తి మృతదేహం
మరో విప్లవాత్మక నిర్ణయం
మాలెం మల్లేశం హవా
ఎప్పుడూ అండగా ఉంటాం
కొండవీడు కోట చారిత్రక విశేషాలు
అప్రకటిత విద్యుత్ కోతలు
స్పందన అర్జీలకు ప్రాధాన్యత
పెట్రోల్ పోసుకుని యువకుడి ఆత్మహత్య
పశ్చిమ కనుమల వెంబడి ఉన్న తెన్ కాశి
ప్రబుద్ధుడి ఉదంతమిది..
ఇద్దరే అమాత్యులు
సైనన్స్ డ్రామా విజేతలకు బహుమతులు
భార్య ప్రవర్తనపై దాడి.. భర్త అరెస్ట్
సరిహద్దు గ్రామాల్లో విస్తృత తనిఖీలు
9న జన్నారంలో బీజేపీ రాష్ట్ర మాజీ అధ్యక్షుడు
కుశస్థలిలో ఇసుక కోసం లారీలు
ఓటు బ్యాంకులోనే గిరిజనుల సమస్యలు
మహిళా రిజర్వేషన్ లో ఓబీసీ మహిళలకు అన్యాయం
అర్జీలపై ప్రత్యేక దృష్టి
చెన్నూర్ సర్పంచ్ దర్శనాల రమేశ్ రూ.51వేలు
వాయిద్య కళాకారులకు శిక్షణా కేంద్రం
గెలుపు ఎప్పుడో ఖాయమైందని
గొండుగూడలో విషాదం
గర్భిణులను వందశాతం నమోదు చేయాలి
నిరుపేద కుటుంబాలకు వైఎస్సార్ సీపీ సాయం
జయపురానికి రెండో ఫ్లైట్
గెస్ట్ లెక్చరర్ పోస్టుల భర్తీకి దరఖాస్తుల ఆహ్వానం
పశ్చిమ నియోజకవర్గానికి రెండు నామినేషన్లు దాఖలు
"11న షష్టిపూర్తి, తులాభారం"
ఆన్ లైన్ వ్యవహారాలు ఇలా..
హార్ట్ ఫెయిల్యూర్ కు అనేక కారణాలు
మనసున్న మహారాజు
పార్లమెంట్ సమావేశాలకు రంగం సిద్ధం
దరఖాస్తు గడువు పొడిగింపు
ఓటరు ఐడీ కార్డు డౌన్ లోడ్ చేసుకోవచ్చు
ఉద్దానానికి ‘సార్ సుజల’ ప్రాజెక్టు
బస్సు యాత్ర విజయవంతం చేసేందుకు ఏర్పాట్లు
బుక్ కీపర్ రూ.8.32 లక్షల శ్రీనిధి డబ్బులు స్వాహా
శాలిగౌరారంలో భారీ వర్షం
నైపుణ్యత శిక్షణతో ఆర్థిక ప్రయోజనాలు
కోహ్లి= సచిన్ టెండూల్కర్
కొల్లేరు.. కళకళ
భూపాలపల్లిలో నామినేషన్ దాఖలు
సురభి–2023
కాంగ్రెస్ దోఖా పార్టీ
గురుకులంలో ఉద్రిక్తత
అబాకస్ సాధనతో పిల్లల్లో మేథో సంపతి
రేపటి నుంచి ‘వై ఏపీ నీడ్స్ జగన్ ’
పోలింగ్కు సిద్ధం
అవినీతి పాలనకు పాతరేయాలి
ఊపందుకున్న నామినేషన్లు
స్వతంత్రులు.. అందరం
ఓటీటీకి రానున్న లవ్ బర్డ్స్ మూవీ.. స్ట్రీమింగ్ ఎప్పుడంటే?
రూ.108.42 కోట్లు
శస్త్రచికిత్సలు రిఫర్ చేస్తే చర్యలు
"కాంగ్రెస్ అధిష్టానం, టీపీసీ అధ్యక్షుల రాజీనామా"
రత్నం ఏందో గుర్తుకొస్తారా?
దళితుల పక్షపాతి జగన్
రాజభవన్ లో రాజ్య పురస్కార్ అవార్డు
ఏఎస్పీగా ఎల్ చెంచిరెడ్డి
సీఎం జగన్ ను కలిసిన జర్నలిస్టులు
పెట్రోల్ బంకు దొంగల ప్లాన్ భగ్నం
కేదార్ నాథ్ ఆలయాన్ని దర్శించుకున్న కాంగ్రెస్ పార్టీ అగ్రనేత
చెన్నూర్ సర్పంచ్ దర్శనాల రమేశ్ రూ.51 వేల నగదు
సామాజిక సాధికార యాత్రను విజయవంతం చేయండి
కేసీఆర్ కు షాకిచ్చిన గులాబీబాస్
సంబరాలు
క్లుప్తంగా
సీఎం పదవిపై కన్నేసిన ఉప ముఖ్యమంత్రి
10న జాబ్ మేళా
రాష్ట్ర స్థాయి పోటీలకు ఎంపిక
విద్యా వ్యవస్థ అస్తవ్యస్తం
ఓటు హక్కును వినియోగించుకోవాలి
ఆధ్యాత్మికతతోనే మనసుకు ప్రశాంతత
బాలికను (16) గర్భవతిని చేసిన వ్యక్తిపై పోక్సో కేసు
మళ్లీ సరి–బేసి విధానమే
క్రషర్లు ఎత్తివేయాలి
61 సీట్ల కన్నా ఎక్కువ మెజార్టీని బీజేపీ గెలుస్తుంది
కుంపట్ల రామారావు మృతి
జగన్ మళ్లీ సీఎం కావాలని కలియుగ దైవం
వేములవాడను అభివృద్ధి చేస్తాం
షెట్కార్ కే నారాయణఖేడ్ టికెట్
రైతుల మధ్య పైపుల గొడవ
అంబేడ్కర్ ఫొటోతో కౌన్సిలర్ నిరసన
గాజాపై ఇజ్రాయెల్ వైమానిక దాడి.. పాలస్తీనియన్ల సంఖ్య పెంపు
కాంగ్రెస్ అభ్యర్థికి ఓటు వేస్తే వృథా
జర్నలిస్ట్ ల సంక్షేమానికి ప్రభుత్వం కృషి
వైభవంగా ఆయుష్ హోమం
టీడీపీకి కోవర్టుగా పురందేశ్వరి
హాసన్ దేవి సేవలో 19 మంది ఎమ్మెల్యేలు
బీఆర్ ఎస్ కే మద్దతు
క్లుప్తంగా
‘ఓటు’ వినియోగంపై అవగాహన
మీలో ఈ లక్షణాలు ఉంటే తెలివితేటలు పెరుగుతాయి
గిరిజనుల దండారీ ఉత్సవం
రైతు భరోసా.. 725 కోట్లు
వేర్వేరు ఘటనల్లో ఇద్దరు ఆత్మహత్యాయత్నం
గురుకుల పాఠశాలలో సున్నం వేసిన విద్యార్థులు
హ్యాట్రిక్ విజయం సాధిస్తుందని..
ముగిసిన ఎస్ జీఎఫ్ తైక్వాండో పోటీలు
క్లుప్తంగా
నామినేషన్స్ కు జోరుగా మారిన కంటెస్టెంట్స్
ఓటముల మాట అటుంచితే..
మోహన్ లాల్ ఇంట్లో బంగారం చోరీ
గ్రామీణులకు రూ.1.18 లక్షల ఆర్థిక సాయం
విద్యార్థుల్లోని ప్రతిభను వెలికి తీయాలనే ఉద్దేశంతో
‘ఎన్ పీఎస్ ’లో మార్పులు..?
కాలువ పూర్తయ్యేదెన్నడో?
అన్నదాతలకు అతలాకుతలం
పార్లమెంట్ ఎన్నికలపై ప్రణాళికలు
వేటాడి కేసులో నలుగురి అరెస్టు
పోక్సో నమోదైంది
జాతీయ కౌన్సిల్ సభ్యుడిగా బాపు
రేపు శ్రీశైల ధర్మకర్తల సమావేశం
బ్రహ్మోత్సావాల కార్యక్రమాలు
కుమ్మరి సంఘం కార్యవర్గం ఎన్నిక
షబ్బీర్ అలీ భార్య పేరు ఖరారు
క్రయోథెరపీ చేయించుకుంటున్న సమంత.. పోస్ట్ వైరల్
హైకోర్టును ఆశ్రయించిన ఉపాధ్యాయురాలి
బీజేపీ ప్రభుత్వానికి అవకాశమివ్వండి
రైతు రుణమాఫీ కోసం కృషి
శబరిమలై ప్రత్యేక సర్వీసులు
234 మందిపై కేసు నమోదు
గ్లెన్ మ్యాక్స్ వెల్ : అఫ్గానిస్తాన్ చేతిలో ఘోర పరాభవం
సాగుకు చేయూత
రాయచోటిలో ప్రారంభానికి సిద్ధంగా..
అక్రమాల జరగకుండా నిరంతరం నిఘాట్లు
పోడుపై కేసులు ఎత్తివేయాలి
పటాన్ చెరు నియోజకవర్గం..
అభ్యున్నతి కోసం ప్రభుత్వం కృషి
క్రమశిక్షణతో ఎదగాలి
వికారాబాద్ లో త్రిముఖ పోరు
సార్వత్రిక ఎన్నికలు ప్రశాంతం
క్రమం తప్పకుండా తరగతులకు హాజరువాలి
కాఫీ రైతులకు బాసటగా ప్రభుత్వం
చిలకలూరిపేట నుంచి ఐదు లేయర్ల శిలలు
ఫీమేల్ సెలబ్రిటీల కోసం...
ప్రణాళికా బద్ధంగా పనిచేయాలి
సమయపాలన పాటించకుంటే కఠిన చర్యలు
జిల్లా చదరంగం పోటీలు
ఈ వారంలో చలి పెరుగుతుంది
30 క్వింటాళ్ల మక్కలు చోరీ
రైతుల సంక్షేమానికి జగనన్న ప్రభుత్వం విశేష కృషి
కనకదుర్గ ఆలయంలో మాస్టర్ ప్లాన్
nan
మెడికల్ కళాశాలలో వీడియో చిత్రీకరణపై ఫిర్యాదు
nan
గిడ్డంగి నుంచి చౌక దుకాణాలకు రేషన్ రవాణా లారీ తనిఖీ
కాంగ్రెస్ గూటికి చేరికలు.. బీఆర్ ఎస్ లోకి చేరికలు
కృషి ఉంటే పేదరికంపైనే
సొంత జిల్లాకు సీఎం జగన్ పర్యటన
అర్జీలకు సంతృప్తికర పరిష్కారం చూపాలి
మెరుగైన చికిత్సకు కృషి చేయాలి
ఉత్తమ రైతుగా నర్సయ్య
ఆన్ లైన్ గేమింగ్ కంపెనీలపై పన్ను పిడుగు
బాలెన్సియాగా తొలి స్టోర్
ఓటుహక్కు వినియోగంపై అవగాహన
పురుగు మందు తాగి మహిళ ఆత్మహత్య
అనారోగ్యంతో బాలిక మృతి
జగన్ మళ్లీ సీఎం కావాలని కలియుగ దైవం
పాదరక్ష లేకుండానే నామినేషన్ దాఖలు
జాతీయ క్యాన్సర్ అగాహన దినోత్సవం
జనసేన ప్రతాపం శూన్యం
చెట్ల పైనుంచి జిగురు రోడ్డుపై పడింది
జుక్కల్ లో ప్రతిపక్ష పార్టీలకు దొరకడం లేదు
"చాక్లెట్ తయారీ, మార్కెటింగ్ పరపతిపై శిక్షణ"
టీడీపీలో వర్గ రాజకీయాలు
42 బంగారు పతకాలతో సత్తా
అనుమానాస్పద స్థితిలో మహిళ మృతి
సొంత ఇల్లు కూడా లేదు..
విద్యాభ్యాసం చేపట్టాలి
7న వహీదా రెహమాన్ అభినందన సభ
చైన్ స్నాచర్ పట్టివేత
దీపం కింద పడిపోతున్న గ్రామ దుస్థితి
"బీజేపీ, జనసేన నడుమ పొత్తు"
వైఎస్సార్ రైతు భరోసా
చార్మినార్ అసెంబ్లీ సీటు ఉత్కంఠ
శతక్కొట్టిన న్యూజిలాండ్.. అఫ్గనిస్తాన్ చేతిలో ఓడిన న్యూజిలాండ్..
కొలీజియమో దీనిపై కేంద్రానికి రుచించని నిర్ణయం?
ఆలయ అభివృద్ధికి సహకారం అందించండి
స్వర్ణ పతక విజేత లక్ష్యం
రేవ్ పార్టీల్లో పాము విషం.. నలుగురిపై కేసు
విధులకు హాజరుకావాలి
కోట బొమ్మాళి పిఎస్'టీజర్.. ఆ హీరోను దూరం పెట్టా..
"రేగా కాంతారావు, సీపీఐ నుంచి పోటీ"
ఢిల్లీలో వాయు కాలుష్యం రాజకీయ చర్చ కాదా?
సాగునీరందడమే నా జీవిత ఆశయం
వ్యవసాయ యంత్రాలకు దరఖాస్తు చేసుకోండి
అందోల్ నియోజకవర్గాన్ని అభివృద్ధి చేస్తా
సీఎం జగన్ తొలిసారి పుట్టపర్తిలో..
ప్రచారంలో బీజేపీ స్పీడ్ పెంచిన కీలక నేతలు..
చిన్నారుల ఆరోగ్యానికి భరోసా
ఓటు వేసే టప్పుడు రాయి ఏందో?
స్వేచ్ఛాయుత వాతావరణంలో ఓటుహక్కు
స్పాలపై పోలీసుల దాడులు
14 సీట్లు గెలవకపోతే..
బాల్క సుమన్ ఓడిపోవడం ఖాయం
కారు.. హుషారు
అర్జీలపై ప్రత్యేక దృష్టి
గ్రామానికి సరైన దారి లేక రాకపోకలు
తగ్గుతున్న వరద నీటి
యాదాద్రికి భక్తుల రద్దీ
బీసీలకు మద్దతు అందిస్తాం
ఆత్మీయ సమ్మేళనానికి తరలిరావాలి
గిరిజన సంక్షేమ శాఖలో ప్రమోషన్లు చేపట్టాలి
శిశు సంరక్షణ చికిత్సలపై దృష్టి సారించాలి
ఎన్నికల కమిషన్ మార్గదర్శకాలు పాటించాలి
మల్లూరమ్మ ఆలయంలో హుండీ దొంగల అరెస్టు
కేకే మహేందర్ రెడ్డి విద్యార్హతలు
రాష్ట్రవ్యాప్తంగా 17 స్థానాలు పోటీ చేస్తాం
సార్వత్రిక ఎన్నికలు ప్రారంభం
రాష్ట్రస్థాయి ఖోఖో పోటీలకు ఎంపిక
కోడ్ ఉల్లంఘనలపై ఇప్పటికి 7 కేసులు
2024 నాటికి టెస్లా కార్లకు అనుమతులు
'మాథ్యూస్ ఔట్'.. శ్రీలంక కెప్టెన్ గా మాథ్యూస్!
40 ఏళ్ల తర్వాత గెలిచిన శాసన సభ్యుడు..
గులాబీ జెండాలు
"ఏనుగు దంతాలు, జింక కొమ్ములు స్వాధీనం"
పాఠశాల భవనంపై హైస్కూల్ దాడి
సంక్షేమ పథకాలు అందుతున్నాయన్నారు
12న దీపావళి వేడుకలు
ప్రజావాణి రద్దుపై ప్రకటన
"కేసీఆర్ రాక దేవరకద్ర, గద్వాలలు"
పలు రైళ్లు రద్దు
ఇంజనీరింగ్ కళాశాల ప్రిన్సిపాల్ గా జగన్ మోహన్ రాజు
సీపీఎందే చరిత్ర
అందరూ ఆరోగ్యంగా ఉండాలి
కళాశాలలో ఫీజులు మాఫీ చేయాలి
పకడ్బందీగా ప్రచారాలు
చింతా ప్రభాకర్ ను గెలిపుకోవాలి
8న జగనన్నకు చెబుదాం
బీడీ కార్మికుల గెలుపు సులభం
నిర్భయంగా ఓటేయండి
ప్రకాశం
బెనిఫిట్స్ బిల్లులు చెల్లింపుల్లేవ్..
సొంత ఇల్లు లేదు
డీప్ ఫేక్ వీడియో.. నటి రష్మిక్ డీప్ ఫేక్ వీడియో
జగనన్నకు చెబుదాం అర్జీలకు న్యాయం చేయాలి
6 శాతంపైనే వృద్ధి
కుటుంబ కలహాల నేపథ్యంలో వ్యక్తి మృతి
‘బీఆర్ ఎస్ ’ పాలన తథ్యం
సీపీఎం అభ్యర్థిగా నర్సిరెడ్డి
దరఖాస్తుల ఆహ్వానం
మహిళల చాటు కూతురి..
టీడీపీలో అవినీతిపరుల పాపాల పుట్టలు
ఉస్మానియా యూనివర్సిటీ నుంచి పీహెచ్ డీ పట్టా
పుస్తకాలపై ఆసక్తి చూపాలి
ఏపీకి హ్యాండ్ బాల్ కోచ్ గా నాగరాజు
రాష్ట్రస్థాయి పోటీలకు ఎంపిక
గడువులోపు రీసర్వే పనులు పూర్తి చేయాలి
తరతులకు హాజరైన విద్యార్థులు
నేడు జిల్లాకు మంత్రి కేటీఆర్ రాక
రోడ్డు ప్రమాదంలో ఇద్దరికి గాయాలు
కిడ్నాప్ బాధితులకు గాయాలు...
ఈవీఎంలకు భద్రత
పెళ్లయితే గ్లామర్ పోతుంది
అంతర్ రాష్ట్ర దొంగల ముఠా అరెస్టు
దీపావళి సందర్భంగా 18 వేల మందితో భారీ భద్రతా ఏర్పాట్లు
హైటెన్షన్ వైర్ల నుంచి నగరానికి శాశ్విత విముక్తి
సింగరేణి నేతలకు మొండిచెయ్యి..
పకడ్బందీగా ఏర్పాట్లు
అసెంబ్లీ ఎన్నికల నిర్వహణకు సిద్ధం
నా గెలుపు బాధ్యత మీదే..
పేదలకు మేలు చేకూర్చే సంక్షేమ పథకాలు
‘నాకు నోటు ఇవ్వండి’
బీదర్ నగరానికి చారిత్రాత్మక నేపథం
క్రీడా పోటీల్లో రాణించాలి
కాంగ్రెస్ పార్టీ అంటనేనే సిగ్గులేని పార్టీ
క్రీడాపోటీలు నిర్వహిస్తారా?
డిజిటల్ చెల్లింపుల హవా
ఉరవకొండలో మూవీ షూటింగ్
టపాసుల దుకాణాల్లో కలెక్టర్ తనిఖీ
కంట్రోల్ రూం పరిశీలన
పిల్లలకు ఆచారాలు నేర్పించండి
75 వేల హెక్టార్లలో పంటనష్టం
వన్నియర్ సంఘ భవనానికి సీల్ వేసింది
కాంగ్రెస్ నాయకుల నిరసన
డీప్ ఫేక్ వీడియో ఘటన: రష్మిక పోస్ట్ వైరల్!
విద్యార్థుల పల్లెబాట
మున్నూరుకాపు మెరిట్ విద్యార్థులకు దరఖాస్తుల ఆహ్వానం
13 నామినేషన్లు దాఖలు
కేంద్రానికి తీసుకెళ్లేందుకు మాజీ ప్రధాని సాయం
ప్రతీ ఒక్కరు ఓటేహక్కు
నిరుద్యోగ యువతకు అండగా జగన్
కోటి ఆశలన్నీ కాంగ్రెస్ కు
"జేఏఎల్ రూ. 4,0258 కోట్ల రుణాలిచ్చే సంస్థ!"
నవరత్న సంక్షేమమే ధ్యేయం
‘గులాబీ’ గుబులు.. గెలిచేదెప్పుడు?
పాతబస్తీలో ఎదురులేని శక్తిగా ఎదివలు
సాఫ్ట్ బాల్ పోటీల్లో విజేతలు వీరే
చెస్ క్రీడాకారుల సత్తా
పిచ్చికుక్కల దాడుల్లో 15– 20 మందికి గాయాలు
పాన్ ఇండియా ‘ మ్యాడ్ ’ మూవీ.. ఇండియాలో టాప్ 10 మూవీస్ లో చోటు
ఎమ్మెల్యేకు సమస్యల స్వాగతం
లోతట్టు ప్రాంతాలలో జలమయ్యాయి
షుగర్ ఉన్న వారిలో 50 శాతం కళ్లలో ఉన్నట్టా
బెటాలియన్ లోకి ఎన్ సీసీ క్యాడెట్ల ఎంపిక
దర్గాలో కిడ్నాప్ బాలుడు
పకడ్బందీగా ఓటరు నమోదు
జూలకంటి రంగారెడ్డి
కేసీఆర్ మళ్లీ సీఎం అవుతారని ధీమా
కరెంట్ సరఫరాకు ఉండొద్దు
80 శాతం అవినీతిని అంతం చేయాలి
ముగిసిన పింఛన్ల పంపిణీ
ప్రతి వాహనాన్ని క్షుణ్ణంగా పరిశీలించాలి
కళల అభివృద్ధికి సీఎం జగన్ కృషి
మహిళల పాత్ర కీలకం
నిరుద్యోగ యువతకు విస్మరణం
పైసలిస్తే చాలు..
ఓటర్ల జాబితాలో లోపాలుండొద్దు
ఆత్మ హత్య
శభాష్ తోక.. సాహస విశ్రద్ధ తప్పదా?
ప్రచారం.. ఉపాధి
మారిన రాజకీయ పరిణామాలతో అబ్రహం
ప్రజలు అప్రమత్తంగా ఉండాలి
కార్గో డోర్ డెలివరీ సేవలు భేష్
కృష్ణాజిల్లా
చంద్రబాబు పాలనలోనే సామాజిక సాధికార యాత్ర
రాజకీయాలు అందరికీ రావు..
సమర్థవంతంగా ఎన్నికల సంఘం మార్గదర్శకాలు
పక్కాగా ‘సీ’విజిల్ యాప్
ఆర్మీ ఉద్యోగిపై దౌర్జన్యం
గుండెపోటుతో యువకుడి మృతి
చికిత్స పొందుతూ వ్యక్తి మృతి
‘వజ్రాయుధం ఓటు’
'రోల్స్ రాయిస్'లో మరో కాస్ట్లీ కారు.. ఎలా పనిచేస్తుందంటే?
"‘సాక్షి’ స్పెల్ బీ, ‘స్పెల్ బీ’"
ముగిసిన రాష్ట్ర స్థాయి నాటిక పోటీలు
విశాఖపట్నంలో కొత్త రూపు
వినూత్న రీతిలో పకోడీల తయారీ.. మహిళ పోస్ట్ వైరల్!
హాకీ టోర్నీ చాంపియన్ గా వైఎస్ ఆర్ జిల్లా జట్లు
అనంత విశ్వాన్ని మధించవచ్చు
నిందితుల కోసం గాలింపు ముమ్మరం
ఎమ్మెల్యేగా ఎవరు గెలుస్తారు?
ఉత్సాహంగా రిమ్ జిమ్ పోటీలు
ఇంకా నాలుగు రోజులే..
ఎవరి మీద పోస్టులు.. వారిపై కఠిన చర్యలు
వడ్డీల పేర్లతో పలువురు భయబ్రాంతులకు
కాంగ్రెస్ కు తప్పేదెప్పుడు?
ధాన్యం కొనుగోళ్లు
కాంగ్రెస్ లో నెలకొన్న అసమ్మతి
త్రిపుర రాష్ట్ర గవర్నర్ కు ఘన స్వాగతం
ప్రజల సమస్యలు పరిష్కరించేందుకు కృషి
బీజేపీ కిసాన్ సెల్ రాష్ట్ర కార్యవర్గ సభ్యుడు రాజీనామా
ఎట్టకేలకు కాంగ్రెస్ అభ్యర్థుల జాబితా విడుదల
ఔషధాల తయారీలో ప్రజారోగ్యం ముఖ్యం
మృతదేహం లభ్యం
చంద్రబాబు కోర్టులో పిటిషన్ దాఖలు
చైనాలో మళ్లీ తగ్గుతున్న ఎఫ్ డీఐలు - కారణం ఇదేనా?
బిగ్ బాస్ ఫేమ్ శ్వేతా వర్మ ఇంట్లో అగ్ని ప్రమాదం.. ప్రియ రియాక్ట్!
గోడౌన్ లో నిషేధించిన పురుగు మందులు
గెలవడమంటేనే..
‘గడ్డం’ సోదరుల కలయిక..
సంక్షేమ పథకాల నిధుల కోసం ఆందోళన
హాస్టల్ లో అభ్యకరంగా ప్రవర్తించిన వార్డన్ భర్త
బాణసంచా దుకాణాల ఏర్పాటుకు అనుమతులు
పోటెత్తిన ఓటర్లు
సోషల్ మీడియాలో ప్రచారం చేయొద్దు
మీ ఆశీర్వాదాలు కావాలి..
వెలమలకు సీఎం జగన్ కృషి
ముగిసిన జాతీయ స్థాయి చిత్ర పోటీలు
జర్నలిస్టులకు క్షీరాభిషేకం
వడ్డీ రేట్ల పెంపునకు విరామం
పెరుగుతున్న కుక్కల సంఖ్య
వ్యవసాయ రంగానికి ప్రాధాన్యం
చెత్త సమస్య వేస్తుండగా..
రైలు పట్టాలపై కుప్పగా పోసిన పాము బిళ్లలు
సానుకూల స్వాగతం
జీడీపీ వృద్ధి రేటు అంచనాలు పెంపు
అక్రమంగా తరలిస్తున్న 40 మద్యం సీసం స్వాధీనం
కూన రొయ్యలు.. తీరానికి చేరువలేనివి
ఇమ్రాన్ ఖాన్ ప్రభావాన్ని విస్మరించలేము..
11న విశ్వరూప మహాసభ
మూడు నామినేషన్లు దాఖలు
రిసోర్స్ పర్సన్ పోస్టులకు జాబితా విడుదల
భరోసా.. రైతుకు ఆర్థిక సాయం
అరోరా విద్యాసంస్థల స్నాతకోత్సవం
తమిళ సీఎం స్టాలిన్ ప్రసంగానికి బ్రేక్
వాటర్ మోటార్లను చోరీ చేసిన వ్యక్తి అరెస్టు
పోస్టల్ డిపార్ట్ మెంట్ కబడ్డీలో తెలంగాణ జట్టు ప్రతిభ
చిత్తనూర్ కంపెనీ ఎత్తివేస్తేనే పోరాటం
నిర్భయంగా ఓటు హక్కును కాపాడాలి
జాతీయ బాక్సింగ్ పోటీల్లో ఉత్తమ ప్రతిభ
లారీ దూసుకెళ్లిన లారీ
వైరాలో శాంతియుత వాతావరణం
స్విమ్స్ లో ‘కంటి శుక్లాల’ ఆపరేషన్లు
చుక్కా రామయ్య హైదరాబాద్ లో అస్వస్థత
విశాఖకు ఉజ్వల భవిష్యత్తు
బీఆర్ ఎస్ హయాంలోనే మహిళా సంఘాల అభివృద్ధి
ఖైదీలను ఉత్తమ పౌరులుగా తీర్చిదిద్దాలి
రాష్ట్రాన్ని అధోగతి పాలు చేసేందుకు
వాక్చాతుర్యంతో అందరి ఆకట్టుకున్న
నేటి నుంచి ‘ఆంధ్రప్రదేశ్ కు జగనే కావాలి’
ద్వితీయ శ్రేణికి కారు!
భూమిపై అత్యాధునిక సూపర్ కంప్యూటర్
సమన్వయంతో సిరిమాను విజయవంతం
బెల్లం తరలిస్తున్న వ్యక్తి అరెస్టు
రైతులను ఆదుకుంటాం
బలమైన ప్రజాస్వామ్య వ్యవస్థ ఏర్పాటు
కశ్మీర్ లోని చల్లని ప్రదేశాల్లోనే
పారిశుధ్య కార్మికులను వైద్యులుగా గుర్తించాలి
కాంగ్రెస్ అధికారంలోకి రాగానే రుణమాఫీ
రోడ్డు ప్రమాదంలో టాటాటా ఏస్ వాహనం ఢీ
చిన్నారి కుటుంబానికి మరో రూ.5 లక్షలు
నేటి నుంచి మణవాళ తిరునక్షత్ర పూజలు
భారీగా జనాల తరలింపు
కమల్ హాసన్ నటుడిగా 65 వసంతాలు పూర్తి చేసుకున్నారు
చేనేతలకు అండగా ఫెడరేషన్ నివేదికలు
పకడ్బందీగా ఎన్నికల నిర్వహణ
ఉద్యాననగరిలో..
తగ్గిన చైల్డ్ ధరలు.. తగ్గిన డీజిల్ అమ్మకాలు
"నా ఎస్సీ, నా బీసీ, వైఎస్ జగన్"
విభిన్న ప్రతిభావంతులకు ప్రోత్సాహం అవసరం
షకీబ్ ను ఏకి పారే.. శ్రీలంక ఆటగాడు హర్షం!
అన్నదాతలకు అండగా జగనన్న ప్రభుత్వం
ఖమ్మంలో 12 నామినేషన్లు దాఖలు
నాన్ లోకల్ సెంటిమెంట్ కొనసాగుతుందా?
అహ్మదాబాద్ లో ‘స్వర్ణ ముద్ర’ స్వీట్ లు
మూకుమ్మడిగా...
పోలీసులపై కత్తితో దాడి..
ఉమ్మడి జిల్లాలో..
బాణసంచా.. జాగ్రత్త అవసరం
నియోజకవర్గాల వారీగా పోలింగ్ కేంద్రాలు
నియోజకవర్గాల వారీగా పోలింగ్ వివరాలు...
ఎడ్ల బండిని ఢీకొన్న ఆర్టీసీ బస్సు
తప్పేదెప్పుడు?
మంగపేట సీపీఎం సీనియర్ నాయకుడు మృతి
రక్తదాతలే రక్తదాత
రేపటి నుంచి డిగ్రీ ఆనర్స్ ప్రోగ్రామ్
120 లీటర్ల సారా స్వాధీనం
వరసిద్ధిలో కలశోద్వాసం
విద్యుత్ షాక్ తో మూడేళ్ల బాలుడి మృతి
తారకేశ్వరరావుకి ఆర్థిక సాయం
విజయవంతంగా నాక్ కమిటీ రాక
జగన్ ప్రజా సంకల్పయాత్ర సంబరాలు
ద్విచక్ర వాహనాల దొంగలు అరెస్ట్
సూపర్ వైజర్ దన్పై కేసు నమోదు
12 నుంచి ఉత్సవాలు
చంద్రబాబు కేసు అప్ డేట్స్
‘టీఎన్ పీఎస్సీ’ ఫలితాలు వెలువరించేందుకు చర్యలు
"పోలింగ్ కేంద్రాల పేర్లు, చిరునామాలు సరిగాలి"
సెలవు ప్రకటించిన సీఎం స్టాలిన్
వైభవంగా ఆకుపూజ
నేడు విద్యుత్ అదాలత్
కర్రతో కొట్టిన ఎడమ కన్ను
బీజేపీ మద్దతుదారుల సస్పెన్షన్
చంద్రబాబు నాయుడి మోసపు నైజం
బీజేపీ పాలన ఖాయం
ప్రతీ ఒక్కరికి ఆరోగ్య సురక్ష
దొంగతనం చేసిన వ్యక్తి అరెస్టు
దీపావళిని జరుపుకుంటారు..
విలువలు లేని పార్టీలకు తిరస్కరణ ఖాయం
‘సాక్షి’ గ్రౌండ్ రిపోర్ట్ లో పలు విషయాలు
ఎన్టీపీసీ సరికొత్తగా..
కార్తికం.. భక్తజనం
దారిపొడవునాళ్లకే రహదారులు
రాష్ట్ర స్థాయి వాలీబాల్ పోటీలకు ఎంపిక
సైన్స్ డిగ్రీ కళాశాలలో శిక్షణ
ప్రశాంతంగా ముగిసిన ఎన్నికలు
పేదల కష్టాలు తెలుసుకునేందుకు..
విశాఖ థీమ్ పార్కుల్లో ఆహ్లాదం..
స్టార్ లింక్ సేవలందించేలా అనుమతి
మేడపై నుంచి దూకిన విద్యార్థిని
రష్మిక ముఖం మార్ఫింగ్.. డీప్ ఫేక్ వీడియో వైరల్
తొలుత లాయర్లుగా రాణింపు
రక్తపోటు అదుపులో లేకుంటే సమస్య
ధరలు (క్వింటాల్ట్రీ)
రైతుపై జంతువు దాడి
అచ్చం మనుషుల్లానే చూసుకుంటాం..
పోలింగ్ కేంద్రాల్లో వసతులు కల్పించాలి
ఐఏఎంసీకి నోటీసులు
అసెంబ్లీ సమావేశాల్లో లోపాలు దొర్లొద్దు
రబీ సాగలో భరోసా
చీల్చుకుంటూ బంగారు వర్ణాలు
రైలు నుంచి జారిపడి వృద్ధుడి మృతి
దూరవిద్యతో ఎంతో ఉపయోగం
అరెస్టు చేసిన ఆర్పీ ఉమాదేవి
ధర్మల్ పేపర్ రోల్స్ సరఫరాకు టెండర్ ప్రక్రియ
కేసీఆర్ పర్యటనకు పటిష్ట భద్రత
శివాజీ పార్కును అన్ని హంగులతో తీర్చిదిద్దుతున్నారు
‘ఎలక్షన్ కింగ్ ’ పద్మరాజన్ ఎలా ఉందో చూసుకోవాలి?
అఖండజ్యోతి క్షేత్రంలో ప్రత్యేక పూజలు
పుణ్యక్షేత్రాలకు ఆర్టీసీ బస్సులు
కన్నీళ్లు వేసిన ఘోష
కన్నడ రాజ్యోత్సవం.. పునీత్ రాజ్ కుమార్ నివాళి
ప్లాట్ ఫాంపైకి దూసుకెళ్లిన బస్సు
ట్రాక్టర్ ఢీ: వ్యక్తి మృతి
బడుగుల ఆమదాలవలస
విశ్వరూప మహాసభకు లక్షలాదిం తరలిరావాలి
ఆర్థికాభివృద్ధిలో దూసుకెళ్తాం
ముక్కమల్లలో నీటి సమస్య
జియో 'జియోమోటివ్' డివైజ్ - ఎలా పనిచేస్తుందంటే?
ఆయుర్వేదం సర్వరోగ నివారిణి
వన్నెల అశోక్!
శ్రీలంకకు షాక్
మిషన్ కృత్ కింద బోర్డులు పూర్తి చేయాలి
అవినీతి చర్యలను వ్యతిరేకిస్తూ భారీ ర్యాలీ
జన్ జాతీయ గౌరవ్ దివస్ ను విజయవంతంగా నిర్వహించాలి
రాష్ట్రస్థాయి పోటీలకు ఎంపిక
ముగియనున్న వైద్య శిబిరాలు
నాలుగేళ్లనాటి వైభవం
రూ. 1.18 లక్షల కోట్ల ఆదాయం
విజయవంతంగా సామాజిక సాధికార యాత్ర
రాష్ట్ర స్థాయి పోటీలకు ఎంపిక
రేపు ఆదిలాబాద్ లో బహిరంగ సభ
మొబైల్ ఫోన్ దాచిపెట్టిన ఉపాధ్యాయుడు
బీసీల పక్షపాతిగా ముఖ్యమంత్రి వైఎస్ జగన్
లిఫ్ట్ నిర్మాణం కోసం భూములు కోల్పోయిన రైతులకు పరిహారం
క్రమం తప్పకుండా జగనన్న ఆరోగ్య సురక్ష
వెన్నుదన్నుగా వైఎస్ ఆర్ రైతు భరోసా
న్యాయవాదుల ఆదుకున్నది సీఎం జగన్
మద్యపానం.. మోడల్ వ్యసనం!
రైతన్నల పక్షపాతి
అనారోగ్యంతో వివాహిత ఆత్మహత్య
ఆదర్శంగా డోన్
హత్య కేసులో నిందితుడికి జీవిత ఖైదు
శ్రీలంకపై బంగ్లాదేశ్ ఘన విజయం
సామాజిక సాధికార యాత్ర
రాష్ట్రస్థాయి పోటీలకు అథ్లెటిక్ జట్టు ఎంపిక
క్రీడలతో ఉద్యోగ అవకాశాలీకరణ
మొత్తం రూ.(కోట్లలో)
ఉచిత అవగాహన సదస్సు
ఏర్పాట్లు చేయాలి
అక్రమంగా పెయిడ్ లిక్కర్ స్వాధీనం
ఏపీలో దీపావళి సెలవు తేదీని ప్రభుత్వం మార్చింది
చట్టాలపై అవగాహన కల్పించేందుకే విజ్ఞాన సదస్సులు
నేడు జిల్లాకు సీఎం కేసీఆర్ రాక
ప్రభుత్వ చికిత్స పొందుతూ శిశువు మృతి
విచక్షణతో ఓటు వేయాలన్న సీఎం కేసీఆర్
కాణిపాకంలో నాలుగు రోజుల పవిత్రోత్సవాలు
"గ్రూప్ –1, 2 ఉద్యోగ పరీక్షలపై స్పందన"
ఆర్వో కార్యాలయంలో నామినేషన్లు దాఖలు
పోస్టల్ బ్యాలెట్ తో ఓటు వేసే అవకాశం
బీజేపీకి తామర చిహ్నం కేటాయించిన పిటిషన్
ఆర్టీసీ బస్సుల్లో ఉచిత ప్రయాణం
ఎన్నికల కోడ్ ఉల్లంఘనపై చర్యలు
సామాజిక సాధికార బస్సు యాత్ర విజయవంతం
ఆకేపాటి సేవతో జెడ్పీ చైర్మన్ జీవితం
వంద శాతం ఉత్తీర్ణత సాధించాలి
క్లుప్తంగా
నవోదయంతో కారు అందజేత
టీడీపీ నేతలకు అసమ్మతి
వైజాగ్ నేవీ మారథాన్ లో ఆశా విజేతలు
సిరినవ్వుల ఓటేయానికి చెక్
పాతబస్తీ పరిధిలోని అభ్యర్థులకు బీఫాంలు
కాంగ్రెస్ కు పొత్తు ఖరారు
పాలకొల్లులో ఉత్సవమూర్తుల రథయాత్ర
తెలుగు సాహిత్య రంగంలో ‘అభ్యుదయవాది’
కొనసాగుతున్న నామినేషన్ల పర్వం
మరో కోణం
ఆదివాసీలలో ఉత్సవాలు
ప్రభుత్వ పాఠశాలల బలోపేతానికి కృషి చేయాలి
మెగా ఇంట పెళ్లి సందడి.. ఫోటోలు వైరల్!
గంజాయి విక్రేతల అరెస్టు
రాష్ట్రంలో తగ్గుతున్న పాల ఉత్పత్తి
పల్లెవాడలా జన సంపర్క అభియాన్
స్వామిజీ నక్సలైట్ కావాల్సింది
పోలింగ్ కేంద్రాల్లో మౌలిక వసతులు
ఆపన్న హస్తం
గ్రామ పంచాయతీ పీడీఓలు బాధ్యతగా పని చేయాలి
14న సాగునీటి విడుదల
దివ్యాంగులకు సంక్షేమ ఫలాలు
ప్రగతి పథంలో పరుగులు
కుకునూరుపల్లిని మండలంగా మార్చిన సీఎం కేసీఆర్
వనపర్తి నియోజకవర్గ వాసి
నేడు నాడు–నేడు నిర్మాణాల పరిశీలన
బెల్ట్ షాప్ లను కొనసాగించొద్దు
పండుగకు ముందే చెల్లించటం ఆనవాయితీ
ఓటెత్తిన చైతన్యం
సర్వీస్ బ్లాక్ కు మోక్షం
పాత ఆసిఫాబాద్ అసెంబ్లీ నియోజకవర్గం
ఉధృతం.. ప్రచారం
విజయవంతం చేసుకున్న ప్రాన్స్ అండ్ ఫిష్ ఫుడ్ ఫెస్టివల్
బెటాలియన్ లోకి ఎన్ సీసీ క్యాడెట్ల ఎంపిక
బీసీలకు ఏం జరిగింది?
ఉల్లి.. పెరుగుతున్న ఉల్లి
రాష్ట్ర భవిష్యత్ ఉపాధ్యాయుల చేతుల్లోనే
రీఫిల్లింగ్ కేంద్రంపై దాడులు
కాంగ్రెస్ ను నమ్మితే మోసపోవడం ఖాయం
పట్టుపురుగుల పెంపకంతో అధిక ఆదాయం
అట్టడుగు వర్గాలకు.. అగ్రాసనం
ఓటీటీలో స్ట్రీమింగ్.. పెళ్లి వీడియో వైరల్
గడియారం స్తంభం సెంటర్ లో గీతా ఆర్ట్స్ – 2 షూటింగ్
రాష్ట్ర ప్రభుత్వ లక్ష్యాల సాధనకు ప్రత్యేక దృష్టి
nan
జీవకణాలపై విస్తృత పరిశోధనలు
గడువులోపు రీసర్వే పనులు పూర్తి చేయాలి
డోర్నకల్ నియోజకవర్గం నుంచి 11 నామినేషన్లు దాఖలు
నేతాజీ మార్కెట్ లో కొనుగోలుదారులతో కిటకిట
ఎస్ జీఎఫ్ సాఫ్ట్ బాల్ రాష్ట్ర జట్ల ఎంపిక
దుర్గమ్మ సన్నిధిలో రద్దీ
ఖరారు.. పది స్థానాల్లో పోరుకు తెర
నూతన కార్యవర్గం ఎన్నిక
రైతు భరోసా.. రూ.108 కోట్లు
వేబ్రిడ్జిలకు రూ.5వేల చొప్పున జరిమానా
ఎస్టీయూ జిల్లా నూతన కార్యవర్గం
సామాజిక సాధికార యాత్ర
మట్టపల్లిలో నిత్య హోమం
పకడ్బందీగా ప్రచారం
ఉన్నత పాఠశాలలను సందర్శించిన మంత్రి ఉషా రాణి
యాసంగికి సిద్ధం
పోలింగ్ కేంద్రాల వద్ద సీసీ కెమెరాలు
సమ్మె బాటలో పవర్ లూం యాజమాన్యాలు
రష్మిక మందన్నా డీప్ ఫేక్ వీడియోపై స్పందించిన కవిత
బీజేపీ మహా మోసకారి
వడ్డెరలు అన్ని రంగాల్లో ఎదగాలి
కండలేరులో గుర్తుతెలియని వ్యక్తి మృతి
ఎన్నికల ప్రవర్తనా నియమావళి
నిఘా నిఘా
సాగుసాయం ఎంతో మేలు
గాజాపై శరణార్థి విధ్వంసం
సుబ్బారావుపై దాడి
పాడేరులో నేడు పలు కార్యక్రమాలు
మహిళలకు ఆర్థికంగా భారం
నామినేషన్లపై నోటీసులు జారీ చేయాలి
"ఎలుకలు, మద్యం బాటిళ్లు ఖాలీ"
మరమ్మతులపై సమగ్ర నివేదిక
అప్రమత్తంగా ఉండండి
కంటెస్టెంట్స్ హౌస్ లోకి అడుగుపెట్టబోతున్న శివాజీ.. ప్రోమో చూశారా?
పాత బస్టాండ్ వద్ద జనరల్ ఆసుపత్రి అందుబాటులో..
గాజాపై ఉద్రిక్తత
9 ఎఫ్ ఎక్స్ ట్రేడర్స్ పేరుతో మోసం
"పలు రైళ్ల రద్దు, ప్రత్యేక రైళ్ల మళ్లింపు"
కొనసాగుతున్న నామినేషన్ల దాఖలు
హాకీ పోటీలకు ఎంపిక
ఆర్థిక ఇబ్బందులతో యువకుడి ఆత్మహత్య
జూరాలకు పెరిగిన ఇన్ ఫ్లో
రైతులకు ఉపయోగకరమైన డ్రమ్ సీడర్
అంబేడ్కర్ స్ఫూర్తితో యువత పనిచేయాలి
అతిథి అధ్యాపకుల కోసం దరఖాస్తుల ఆహ్వానం
పేదలకు పెద్ద ఎత్తున భూముల పంపిణీ
పెద్దతాడిచర్లకు పునరావాసం కల్పించాలి
చైన్నెలో రూ.418.20 కోట్లతో తాగునీరు
చిరస్థాయిగా నిలవడం ముఖ్యం
ముగిసిన నామినేషన్ల పరక్రియ
నగదు స్వాధీనం
అండర్ –19 క్రికెట్ టోర్నీకి ఏర్పాట్లు పూర్తి
ఊపందుకున్న నామినేషన్లు
పోకో మరో లేటెస్ట్ సిరీస్.. త్వరలో ఆవిష్కరణ
రాయచోటిలో శిల్పారామం
కళా ఉత్సవ్ పోటీలు
తుంగతుర్తిలోనూ టికెట్ ఆశిస్తున్న అద్దం
అబార్షన్ మాత్ర మిగ్గురి అరెస్ట్
అణగారిన వర్గాలకు రాజ్యాంగం
9 నుంచి నీడ్స్ జగన్ కార్యక్రమం
ప్రచారం కోసం సీ– విజిల్ యాప్
విద్యుత్ షాక్ తో వ్యక్తి మృతి
చోరీ కేసులో ఐదుగురి అరెస్ట్
18 ఏళ్లు నిండితే ఓటు నమోదు చేసుకోండి
ఒక్కో తాలూకాకు రూ.10 కోట్ల సాయం
మీరే నా బలం.. బలగం
ఆన్ లైన్ లో మోసం
కొనసాగుతున్న నామినేషన్ల దాఖలు
త్వరితగతిన ఎన్నికల కమిషన్ పూర్తి
బీహార్లో 34 శాతం పేదల ఆదాయం
సాఫ్ట్ బాల్ పోటీల్లో విజేతలు వీరే..
ఇళ్లలో విద్యుత్ షార్ట్ సర్క్యూట్
గెస్ట్ లెక్చరర్ పోస్టులకు దరఖాస్తు చేసుకోండి
ఇద్దరు రాష్ట్ర మంత్రుల రాజీనామా
రోడ్డు ప్రమాదంలో వ్యక్తికి గాయాలు
నేటి రైతులకు మరో ఊతం
‘నన్నలం మధు’కి వ్యతిరేకంగా నినాదాలు
ధీమాగా వ్యవ‘సాయం’
వంద నిమిషాల్లో ఫిర్యాదులు పరిష్కరించాలి
మహమూద్ అలీ వాహనం తనిఖీ
జీ20 గ్రూప్ కు స్పష్టమైన విధాన దిశ
అసెంబ్లీ ఎన్నికలు ప్రశాంతంగా జరగాలి
"లేపాక్షిలో హస్తకళల ప్రదర్శన, విక్రయాలు"
శోభాయమానంగా మారిన పుట్టపర్తి
ఇంటి గుమ్మంలోకి చేరుతున్న ఆర్టీసీ బస్సు ప్రయాణం
పేదవాడికి సంక్షేమ పథకాలు
స్పెషల్ బస్సులతో మదనపల్లెకు బస్సులు
ఉద్యాన పంటల సాగుకు ప్రోత్సాహం
పొత్తు.. గెలిచేదెప్పుడు?
అసెంబ్లీ పోలింగ్కు ఏర్పాట్లు
ఘనంగా ముగిసిన సాహిత్య పోటీలు
కిటకిటలాడిన కోటసత్తెమ్మ
గోల్డ్ మెడల్ ఫ ఏర్పాట్లు పూర్తి
పీహెచ్ సీల్లో డెలివరీలు పెరిగేలా కృషి చేయాలి
సలీం స్వర ప్రస్థానం
మేకలపై పిడుగు పడి తొమ్మిది మేకలు మృతి
కాంగ్రెస్ అభ్యర్థిగా ప్రకటిస్తారన్న నమ్మకం
"అభ్యుదయం, వ్యవసాయ రంగానికే ఆదర్శం"
ఆమనగల్లులో ఆశీర్వాద సభ
కొండమడుగు నరసింహను ఆదరించాలి
కాంగ్రెస్ లో అసమ్మతి
నెట్ ప్రాక్టీస్ లో టీమిండియాకు తీవ్ర గాయాలు.. వీడియో వైరల్
ఎన్నికల విధులను అప్రమత్తంగా నిర్వహించాలి
మునుగోడు సీపీఎం అభ్యర్థిగా నర్సిరెడ్డి
తెలంగాణలో ఐడీ ఈడీ దాడులు.. కారణం ఇదేనా?
రూ.10 వేలు.. 110 మందికి రుణసాయం
లాలపల్లిలో భయాందోళన
ఎలక్టోరల్ బాండ్ల జారీకి అనుమతి
రాయచోటికి ప్రణాళికలు రూపొందించాం
ఆక్వా స్పోర్ట్స్ కాంప్లెక్స్ కు ఎంతో ప్రత్యేకత
రోడ్డు ప్రమాదంలో ఇద్దరి మృతి
పూర్తిస్థాయిలో చేయూత నివ్వడమే లక్ష్యం
బిగ్ బాస్ హౌస్ లో అడుగుపెట్టిన ప్రియాంక జైన్.. ప్రోమో చూశారా?
ఆదివాసీ మనోభావాలతో కాంగ్రెస్ కు చెలగాటం
ఆసుపత్రిలో హృదయాలను కలచివేసే ఉదంతం..
‘పెన్షన్ దారుల’ సమస్యల పరిష్కారం
నవజాత శిశు మరణాలు తగ్గించాలి
కూలీల కుటుంబాలకు ఉపాధి సాయం
హత్య కేసులో ప్రముఖ నిందితుల అరెస్టు
మంత్రి శివరాజ్ తంగడిగికి సన్మానం
కేసీఆర్ ను జైలుకి పంపడం ఖాయం
ఊపందుకున్న నామినేషన్లు
జాతీయ స్థాయి పోటీలకు ఎంపిక
వ్యవసాయ అభివృద్ధికి ఎన్జీరంగా కృషి
సాక్షి మనీ మంత్ర: ముగిసిన స్టాక్ మార్కెట్లు
నలుగురి నుంచి 200 గ్రామాలు గంజాయి స్వాధీనం
అసంక్రమిత వ్యాధులపై క్షేత్ర స్థాయిలో చికిత్స
విద్యా సంస్థల బస్సులపై స్వయంగా తనిఖీలు
‘కాంగ్రెస్ ఓటు’.. ఎడవల్లి ఆశలు
కరస్పాండెంట్లకు ఫీజు చెల్లించాలి
రాజకీయ విషాదాలు.. కర్ణాటక స్పీకర్ కు తుదిశ్వాస
ప్రభుత్వ పాఠశాల విద్యార్థులకు జవాన్సాఫీ
ప్రజా సమస్యలకు చిత్తశుద్ధితో పరిష్కారం
త్రిపుర రాష్ట్ర గవర్నర్ కు ఘనస్వాగతం
దేహదారుడ్య పరీక్షలు ప్రారంభం
ఊపందుకున్న నామినేషన్లు
కాంగ్రెస్ పార్టీ చేసిన తప్పును గుర్తించడమే అసలైన మందు
ఛత్తీస్ గఢ్ లో పోలింగ్ పేలుళ్లు
ప్రలోభాలకు తెర
కేసీఆర్ సభా ప్రాంగణంలో కోలాహలం
ఇళ్ల స్థలంపై హర్షం
ఉబర్ డ్రైవర్లు ఎంత సంపాదించి?
ఓటు.. కనీస అవసరం
రైతున్నలకు భరోసా
ఉమ్మడి జిల్లాలో మూడు స్థానాలకు బీజేపీ అభ్యర్థుల ప్రకటన
అనుమానం భూతంతో కిరాతకునిగా..
ఇజ్రాయెల్ గడ్డపై మారణహోమం
60 బస్తాల రేషన్ బియ్యం స్వాధీనం
మరునాడు కాలువలో శవంతో బాలుడి మృతి
మీ తండ్రీకొడుకులకులను మించిన తెలంగాణ ద్రోహులు ఇంకెవ్వరూ..
జగన్ పాలనలో సామాజిక విప్లవ కల
మొసలి పిల్ల కలకలం
కొత్త సినిమా షూటింగ్ ని ప్రారంభించిన బాలయ్య
తేనెటీగల పెంపకంతో అధిక లాభాలు
పత్తి సాగు.. కొంగుబంగారం
అలా నిన్ను చేరిలో అద్భుతంగా ఉంటుంది
స్వతంత్రులదే హవా కరీంనగర్
ఇంజనీర్ గా ఢిల్లీలో పనిచేస్తున్నాడు
సుమారు రూ.59కోట్లకు పైగా ఆస్తులు
2023: చిరస్మరణీయ ఇన్నింగ్స్ గా మాక్స్ వెల్
మండల కేంద్రంలో పిచ్చికుక్క దాడి
ఉనికి సంక్షేమ పథం
పేద విద్యార్థుల అభ్యున్నతికి ప్రత్యేక దృష్టి
పిల్లలకు ఆచారాలు నేర్పించండి
పకడ్బందీగా అమలు
బీజేపీలో కార్యవర్గ సభ్యుడు రాజీనామా
డబుల్ ఇంజన్ సర్కారుతో అనేక పథకాలు
అర్జీలను సత్వరం పరిష్కరించాలి
వాహనం నుంచి కిందపడి వ్యక్తి మృతి
ఎన్నికల వేళ నీళ్ల లొల్లి
తగ్గేదేలే..
తూకాల్లో మోసాలకు పాల్పడితే కఠిన చర్యలు
‘సాక్షి’ మ్యాథ్ బీ పరీక్షకు స్పందన
పారిస్ లో 30 మంది ముస్లింల నమాజ్
బీఆర్ ఎస్ తోనే పల్లెల అభివృద్ధి
క్రమం తప్పకుండా రైతుభరోసా
తెలంగాణ సర్కార్ కీలక నిర్ణయం.. ట్రిబ్యునల్ ఏర్పాటు ఖాయం!
తగ్గేదెలే..
నెలాఖరులోగా రీసర్వే పూర్తి
9న వందేభారత్ ప్రత్యేక రైలు
కూరగాయల సాగుకు ప్రణాళిక
అభ్యంతరాలు అపోహలుగా తోసిపుచ్చలేం
కులం పేరుతో ఓట్లు వేయొద్దు
పండగ దీపావళి
గిరిజనుల నుంచి 42 అర్జీలు
కాంగ్రెస్ కార్యకర్తలకు పరస్పర దాడులు
2023: ఆఫ్ఘన్ పై గెలుపులో మ్యాక్స్ వెల్ విధ్వంసం
నలుగురికి టికెట్లు కేటాయించడం సరికాదు
"ఖరీఫ్, రబీ సీజన్ లలో"
‘మహదేవ్ బుక్ ’తో సహా 22 బెట్టింగ్ యాప్ లు నిషేధం
వేధింపులు భరించలేక..
ఆర్ ఓల్లో ఐదు నామినేషన్లు దాఖలు
80 ఏళ్ల వృద్ధురాలి ఎన్నికల్లో నామినేషన్ వేసుకుని...
వ్యవహారాలు ముట్టజెబుతున్నాయి..!
శీఘ్ర దర్శనానికి ప్రత్యేక వసతులు
అనారోగ్యంతో యాసిడ్ తాగి వ్యక్తి మృతి
వాయు నాణ్యత సూచిక ‘తీవ్రమైన’లో ఢిల్లీ
సొమ్ము చేసుకున్న వ్యక్తి అరెస్ట్
భావోద్వేగాలు హత్తుకుంటాయి
అర్హులకు సంక్షేమ పథకాలు
రోడ్డు ప్రమాదంలో వ్యక్తికి తీవ్ర గాయాలు
బీజేపీని గద్దె దించడమే లక్ష్యం
సిద్దిపేటలో ఆయిల్ రిఫైనరీ
జాతీయ లోక్ అదాలత్ లో అధిక సంఖ్యలో కేసుల పరిష్కారం
హొస్పేట్ లో తగ్గుతున్న వరద
రైతులను పొట్టనబెట్టుకున్న పులి
ప్రచారం చేసిన ఎమ్మెల్యే కోవ లక్ష్మి
అంతర వర్సిటీ టెన్నిస్ పోటీలకు ఎంపిక
ఇంద్రాదేవి ఆలయంలో గుస్సాడీల పూజలు
2023: మాథ్యూస్ టైమ్డ్ ఔట్.. ఇదే ఏడాది తొలిసారి
ఆ ముగ్గురి ప్రస్థానం అక్కడి నుంచే
వాట్సాప్ గ్రూపుల్లో వాటర్ మార్క్
అక్రమంగా తరలిస్తున్న గంజాయి స్వాధీనం
552 మందిపై కేసులు నమోదు
795 కిలోల గుట్కా స్వాధీనం
పెరిగాయి.. 38 నామినేషన్లు దాఖలు
అక్రమంగా తరలిస్తున్న నగదు స్వాధీనం
బీసీలకు వాటా దక్కాలి
ఆదరణ కోల్పోయిన కంటెస్టెంట్స్ టీమ్
మోడల్ పోలింగ్ కేంద్రాన్ని పరిశీలించిన కలెక్టర్
కోనసీమ ప్రజలు అతలాకుతలం
చికిత్స పొందుతూ మహిళ మృతి
గోదావరి హారతిను విజయవంతం చేయాలి
పోతురాజుకు పడిగెం
కొడంగల్ కు గుర్తింపు మాదే..
కాంగ్రెస్ ఎమ్మెల్యేల విదేశీ పర్యటన వాయిదా
కరణ్ జోహార్ షోకు హాజరైన సారా టెండూల్కర్
పోలీస్ చెక్ పోస్ట్ ల పరిశీలన
ఓటరు హక్కును వినియోగించుకోవచ్చు
నేడు సీఎం కేసీఆర్ సభను విజయవంతం చేయండి
చెరువులో ఈతకు వెళ్లిన విద్యార్థి శవమై
స్టాప్ పేపర్లకు కొరత
ముగిసిన విజిలెన్స్ వారోత్సవాలు
రూ.94.86 కోట్లతో 34 కొత్త సబ్ స్టేషన్లు
ఎక్స్ రేలు మితిమీరితే ప్రమాదం..!
కాంగ్రెస్ కు ఓటేస్తే అంధకారమే
చురుకుగాగా ఈవీఎంల తనిఖీ
కాంగ్రెస్ గూటికి చేరికలు..
శ్మశాన స్ధల సందర్శన
రైలు నుంచి జారిపడి గుర్తుతెలియని యువకుడు మృతి
నెదర్లాండ్స్ పై ఇంగ్లండ్ విజయం.. నెదర్లాండ్స్ గెలుపు
శ్రీసాయి విమానాశ్రయం చేరుకున్నారు
రైతుకు భరోసా..
బస్సు ప్రమాదంలో బాలుడి అంత్యక్రియలు
కాశీబుగ్గలో సామాజిక సాధికార యాత్ర
పోటెత్తిన ఓటర్లు
జాతీయ స్థాయి యోగా పోటీలకు కేఎన్నార్ స్కూల్ విద్యార్థులు
ఈ మధ్య పెద్ద సినిమాలు బాక్సాఫీస్ లో చతికిలపడుతున్నాయి
ప్రభుత్వ ఉపాధ్యాయికి సన్మానం
టేస్టీస్పూన్లతో సింపుల్ గా ట్రై చేయండి..
బిగ్ బాస్ హౌస్ లో ఎలిమినేట్ అయ్యార నేది ఆల్ రెడీ లీక వడంతో ఎలిమినేట్ కు తెర!
శబరిమలకు ప్రత్యేక బస్సులు
కన్నతల్లికి తలకొరివి పెట్టిన బుడత
విశ్రాంత ఉద్యోగుల ఆవేదన
హోర్డింగ్ పై నిద్రపోయిన యు వకుడు
టీడీపీకి ‘పురందేశ్వరి’ కోవర్టు
జుట్టు తెల్ల జుట్టు రాలాలంటే ఏం చేయాలి?
ముందస్తు భద్రత చర్యలపై సమీక్ష
సీఎం ఆఫీసులో అటెండరు కాలేడు
ప్రభుత్వ సాయం చెక్కు అందజేత
జూరాలకు స్వల్ప ఇన్ ఫ్లో
మహిళాపక్షపాతి జగనన్న పాలన
సామాజిక న్యాయానికి చాటిన సీఎం జగన్
కాంగ్రెస్ దే అధికారం.. సీఎం కేసీఆర్ ఘాటు విమర్శలు
తెలంగాణ ఆవిర్భావానికి ముందు జిల్లాలో ఒక వెలుగు వెలి
మట్టపల్లిలో నిత్యాభిషేకం
రైలు కింద పడి యువకుడి ఆత్మహత్య
వరుణ్ తేజ్- లావణ్య త్రిపాఠిల రిసెప్షన్ వైరల్
స్వతంత్రుల కలకలం
పేదల మనసుల్లో సుస్థిరం
బీసీ ఆత్మగౌరవ సభ విజయవంతం
హోమియో వైద్యానికి పెద్దపీట వేయాలి
డిజిటల్ కరెన్సీ.. ఎస్ బీఐ సంచలన నిర్ణయం!
ఇంకా వేగవంతంగా పనిచేయండి
ఫీజు రాయితీకు మోక్షం లేదు
రాజమండ్రిలో పింఛన్ల పంపిణీ
సంక్షేమ రథ సారథి
మూసీని ప్రక్షాళన చేయిస్తా
ట్రాన్స్ జెండర్ ను పెళ్లి చేసుకున్న తెలంగాణ యువకుడు
బీజేపీ దారి ఎటు వైపు..!
విస్తృత తనిఖీలు
సాక్షి మనీ మంత్ర: వరుస లాభాలకు బ్రేక్
బీఆర్ ఎస్ కు ప్రత్యామ్నాయం బీజేపీయే
దొరుకుతలేడేంది..!
అక్రమంగా మద్యం అమ్మకాలు చేస్తే కఠిన చర్యలు
కేసీఆర్ ను గెలిపించాలి
హెలికాఫ్టర్ కు సాంకేతిక లోపం
అటవీ ప్రాంగణ అభివృద్ధికి రూ.3 కోట్లు
మరోసారి గెలిపిస్తే ప్రజలకు చిప్పేగతి
మీరే నా బలం..బలగం
గెలుపు భారం ఓటర్లపై
ఇంద్రకీలాద్రికి పండుగ శోభ
సందర్శకులకు ఇబ్బందులు తలెత్తొద్దు
కాంట్రాక్ట్ లో చిక్కుకున్న ఓటీపీ
శృతిహాసన్ గురించి ప్రత్యేకంగా చెప్పాల్సిన అవసరం లేదు..
లిమిటెడ్ రెండో క్వార్టర్ లో అద్భుతమైన లాభం
దిశ యాప్ డౌన్ లోడ్ విషయంలో పోలీసుల దాడి
గుర్తు తెలియని వ్యక్తి ఆత్మహత్య
వివాదాస్పద భూముల పరిశీలన
నామినేషన్ లు దాఖలు చేసిన అభ్యర్థులు..
టపాసుల తయారీలో జాగ్రత్తలు పాటించాలి
ఉపాధ్యాయులకు మంజులాపూర్ వీడ్కోలు
లాడ్జిలో వ్యక్తి బలవన్మరణం
స్కూళ్ల సెలవులు పొడిగింపు
మట్టి ప్రమిదల సందడి
సినీ హీరోయిన్ల ముఖాల మార్ఫింగ్ వీడియోలు వైరల్!
సామాజిక న్యాయానికి ప్రతీక సీఎం జగన్
కేసీఆర్ కామారెడ్డిలోనూ పోటీకి సిద్ధం
శబరిమలై ప్రత్యేక బస్సు
ఉమ్మడి జిల్లాస్థాయి పోటీలకు ఎంపిక
బీఆర్ ఎస్ ను ఓడించండి
రష్మిక మందన్న వైరల్ డీప్ ఫేక్ వీడియో
కౌంట్ డౌన్
ప్రత్యేకంగా డ్రోన్ ద్వారా సర్వే
చంద్రబాబు అరెస్ట్.. సుప్రీం విచారణకు పిటిషన్
హసన్ రజాకు షమీ కౌంటర్.. పేసర్ దిమ్మతిరిగే కౌంటర్
మీరే ఆలోచించుకోండి..
కావలి వద్ద ఆర్టీసీ డ్రైవర్ పై దాడి ఘటనలో ప్రధాన నిందితుడు
తెలంగాణ మంత్రి గంగుల పిటిషన్ కొట్టివేత
రామప్పలో యోవనేల పూజలు
వైఎస్సార్ మోహన్ రెడ్డి చేతల్లో చూపాడు
నీడ్స్ జగన్ కు సిద్ధంగా ఉండండి
22 కిలోల గంజాయి స్వాధీనం
యూదులు జరుపుకుంటున్న దీపావళి పండుగ.. కారణం ఇదేనా?
ఉచిత అవగాహన సదస్సు
డంపింగ్ యార్డు నుంచి పొగ
రేపు ‘జగనన్నకు చెబుదాం–స్పందన’
విద్యుత్ విధానా రద్దు చేయాలి
స్టేడియంలో ఏర్పాట్లను పరిశీలించిన సీపీ
సమస్యలను ఎస్పీకి విన్నవించిన బాధితులు
కొనసాగుతున్న నామినేషన్ల పర్వం
చికిత్స పొందుతూ యువకుడి మృతి
వైరల్ జ్వరాలపై అప్రమత్తంగా ఉండాలి
పదును పెడుతూ..
మల్లన్నల దర్శనానికి క్యూలు
విద్యుత్ శాఖకు అరుదైన రికార్డు
కేసీఆర్ ను ఓడించేందుకు సిద్ధం కావాలి
nan
విశాఖ జేఎన్ టీయూజీవీలో సత్కారం
భీమ్ గల్ లో నామినేషన్ దాఖలు
సామాజిక సాధికార యాత్రను విజయవంతం చేయాలి
నకిలీ ఓట్లను తొలగించండి
కేపీఎస్ సీ రాత పరీక్షల్లో మహిళల తాళిబొట్లు తొలగించడంపై జేడీఎస్  ఆగ్రహం
కాంగ్రెస్ గూటికి చేరిక
నియోజకవర్గ అభివృద్ధే ధ్యేయం
సత్తా చాటు దాం...
మరోసారి బరిలో పుతిన్!
పాతగాజువాక జనసంద్రం
జాతీయస్థాయి బాస్కెట్ బాల్ పోటీలకు ఎంపిక
క్షణాల్లో ప్రజలకు చేరువచేస్తూ..
టీఆర్ ఎస్ (కాంగ్రెస్ ) కుమారుడు
పోలీసులకు చాకచక్యంగా వ్యహరించి ఆత్మహత్య
న్యాయ సేవలు ఇంత అధ్వానం..
దానాలన్నింటిలోనూ ప్రాణదానం
విద్యా ప్రమాణాలు మెరుగుపడాలి
ప్రభుత్వ పథకాలపై శ్వేతపత్రం విడుదల చేయాలి
మెడిసిన్లతో గుండెపోటుకు చెక్
గెలుపెవరిదో..
ఆర్యవైశ్య సంఘం అధ్యక్షుడిగా నగునూరి రాజేందర్
క్వాలిఫయర్స్ ఛాంపియన్ గా ఖాట్మండు
ఇల్లెందు కాంగ్రెస్ అభ్యర్థిగా కనకయ్య
నిరంతరం సీసీ కెమెరాలు పర్యవేక్షణించాలి
సీపీఎం పోటీ చేసే అభ్యర్థుల స్థానాలు సీపీఐకి
కంట్రోల్ రూం పరిశీలన
విశాఖలో స్పోర్ట్స్ విలేజ్
రెండడుగులు ముందుకేసిన సీఎం జగన్
జర్నలిస్టుల ఎదురు చూస్తున్న ఇంటి స్థలాలు
పొత్తు.. సీపీఎం టాటా
అత్యాధునిక పొగడ్తలతో ముంచేస్తోంది
టైలర్లకు నాలుగో విడత ఆర్థిక సాయం
హంద్రీనీవా కాలువ పరిశీలన
జ్రాభరణాల షోరూంలో ‘వేగ’ ఆఫర్లు
జూలకంటి రంగారెడ్డి
పకడ్బందీగా ‘పుడా’
ఆర్బీఐ బ్యాంకుల్లో పకడ్బందీగా ఉండాలి
శత్రువులు కాస్తా..
పండగ వివాహ బంధానికి వేదిక
ఇక్కడి ప్రజల కష్టాలు కళ్లారా..
వైఎస్ జగన్ ను ఎన్నుకున్న టీడీపీ ప్రభుత్వం
పోటాపోటీ ప్రచారం
వేటగాళ్లపై కాల్పులు
జిల్లా తైక్వాండో క్రీడా జట్టు ఎంపిక
జగనన్న ప్రభుత్వానికి మద్దతు ఇవ్వాలి
నవరత్నాల సంక్షేమ పథకాలు
అమ్మ ప్రేమలో గౌతమ్ అశ్విని తల్లి ఎమోషనల్.. తల్లి ఎమోషనల్
ఎన్టీపీసీ జాతీయ పతాకం ఏర్పాటు ఆనందకరం
కుటుంబ సభ్యులకు రూ.10వేలు ఆర్థిక సాయం
nan
దరఖాస్తుల ఆహ్వానం
గుట్ట పరుపుబండపై వంకరణ.. విధ్వంసకర హంత్ర
చైన్నె క్రీడల్లో షారోనా రేచల్ సత్తా
వివాహిత అనుమానాస్పద మృతి
మీ ఒంటరి పోరు ఫలితాన్నిస్తుందా?
క్రమంగా సీపీఐ ప్రాతినిధ్యం
అవకాశమిస్తే రాష్ట్రాన్ని అమ్ముకుంటాం
జర్నలిస్టులకు ఇళ్ల స్థలం ఇవ్వండి
వ్యవహారాలు చక్కగా చూసుకునేదెప్పుడు?
బస్సు అదుపు తప్పి కాలువలోకి పల్టీ
ఆన్ లైన్ లో కారు అమ్మిన సొల్యూషన్
పోలింగ్ సజావుగా జరగాలి
112 కేసుల సీజ్
‘నాకు నోటు వేయండి’
ఎంఎస్ ఎంఈల ఏర్పాటుకు సన్నాహాలు
ఇళ్ల కొనుగోలుదారుల అభిరుచులు మారాయి
స్వచ్ఛందంగా తరలి వచ్చి సంతకాలు చేయాలి
కార్గో ఆదాయం పెంపునకు కృషి
‘రాంపూర్ ’లో వీడీసీ మద్దతు
ఉద్వేగంగా ప్రసంగించిన మంత్రులు
ప్రజా సేవలోనే పుట్టాను
ఇంకా నిరీక్షణే..!
బెహార్ ట్రోఫీ పోటీలకు ఎంపిక
రాష్ట్ర స్థాయి పోటీలకు ఎంపిక
‘గుంటూరు కారం’.. ఫస్ట్ సింగిల్ రిలీజ్
ఉత్సవాలు షురూ..
పోలింగ్ శాతం పెంచేలా కృషి చేయాలి
నూతన కార్యవర్గం ఎన్నిక
సామాజిక సాధికార బస్సు యాత్రను విజయవంతం చేయండి
గిరిజన సమస్యలను రాజకీయ పార్టీల్లో చేర్చాలి
అఫ్గనిస్తాన్ ఓపెనర్ ఇబ్రహీం జద్రాన్ సరికొత్త చరిత్ర
అరుదైన ఘనత.. ఇబ్రహీం జద్రాన్
ఊపందుకున్న నామినేషన్లు..
మన్నూరుకాపుల సమస్యలను పరిష్కరిస్తున్నాం
160 లీటర్ల సారా స్వాధీనం
బీడీ కార్మికులకు జీవనోపాధి
గ్రాఫ్ పెరిగింది..
డైలాగ్స్ తో తెలుగు ప్రేక్షకుల అలరిస్తోన్న స్టార్ డైరెక్టర్ ఎవరో కాదు?
ఉద్దేశపూ ర్వకంగానే ఎక్కువ చేసి చూపించింది
శ్రీనివాసరావుకు బెయిల్ ఇవ్వొద్దు
వివాహిత ఆత్మహత్య
భద్రాచలం పోలీసుల ఎదుట లొండం
కాంగ్రెస్ అధిష్టానం సంచలన నిర్ణయం
అక్రమంగా గంజాయి తరలిస్తున్న నిందితులు
కాంగ్రెస్ మాట తప్పదా?
గెలిపించిన రజనీకాంత్
చెంతకు చేరిన విద్యార్థి తండ్రి
కత్తితో బెదిరిస్తున్న వ్యక్తి అరెస్ట్
‘జగనన్నకు చెబుదాం’ను విజయవంతం చేయాలి
నిద్రపోవడం లేదని వ్యక్తికి ఓటమి భయం
ప్రత్యేక నిఘా వ్యవస్థలు వాడుతున్నారు
అభ్యసనంతోనే చిత్రపటానికి పూలమాల
10న నెహ్రూలో జాబ్ మేళా
సర్వే నంబర్ల వివాదంపై అటవీశాఖ పరిశీలన
రామగుండంలో ముగ్గురు నామినేషన్ల దాఖలు
చెక్ పోస్టుల తనిఖీ
అన్నదాతలకు అండగా ప్రభుత్వం
సెమీస్ కు చేరిన పాక్.. శ్రీలంక చేతిలో ఓడాలి..
‘అనువాదం’.. సాహిల్ ఖాన్ ఓ అద్భుతం!
ఉత్తమ పౌరులుగా ఖైదీలు
గిల్ ఓ అరుదైన ఘనత..
అనారోగ్యంతోవ్యక్తి మృతి
ఓట్ల ప్రలోభాలకు గురి
గురవాయిగూడెంలో కార్తీక మాస
యునైటెడ్ నేషన్స్
కబడ్డీ పోటీలకు కేడీసీ ఎంపిక
కల్లబొల్లి మాటలు నమ్మొద్దు
వారం రోజులుగా సముద్రంపై ప్రతికూల వాతావరణం
సంగీత ఉత్సవాలు ప్రారంభం
చికెన్ చికెన్
సామాజిక సాధికార యాత్రను విజయవంతం చేద్దాం
సుప్రీంకోర్టు న్యాయమూర్తుల ఆమోదం
బీఫాం.. గెలిచేదెప్పుడు?
రైలు నుంచి జారిపడి వృద్ధుడి మృతి
కేఎల్ ఈ సంస్థ తొలిసారిగా పోటీ పరీక్షలు
రైతులకు అకాలవర్షం
ప్రాణం తీసిన మోరైస్
చికిత ఆర్చరీలో గోల్డ్ మెడల్
రేషన్ బియ్యంలో బోల్తా
నెదర్లాండ్స్ తో మ్యాచ్.. ఇంగ్లండ్ స్టార్ బ్యాటర్ విధ్వంసం..
అందుబాటులో ఉంటా..
అట్టడుగు వర్గాలకు సంక్షేమం
అణచివేయబడిన మహిళల స్ఫూర్తిదాయకమైన జీవితాలు
స్టార్ హీరోలతో బ్లాక్ బస్టర్ హిట్స్.. హీరోయిన్ ఎవరంటే..?
రాష్ట్రస్థాయి పోటీలకు ఎంపిక
గ్రూపు రాజకీయాలు మారడం లేదు
మంత్రి శివరాజ్ తంగడిగిన సన్మానం
టీడీపీ అధినేత చంద్రబాబే పెద్ద దళిత వ్యతిరేకి
సౌతాఫ్రికా శతక్కొట్టుడు.. సచిన్ టెండూల్కర్ రికార్డు సమం
సీపీఐ అభ్యర్థిగా గుండా మల్లేష్ పోటీ చేస్తే..
ఢిల్లీలో వాయు నాణ్యత భేష్
దుర్గమ్మ సన్నిధిలో నిత్యాన్నదానం
రైలు కింద పడి వ్యక్తి ఆత్మహత్య
అనూహ్య పరిణామాల మధ్య..
వేర్వేరు ప్రాంతాల్లో ఐదుగురి ఆత్మహత్యాయత్నం
2023: ప్లేయర్ ఆఫ్ ద మంత్ నామినీస్ గా క్వింటన్ డికాక్
ప్రజా సంకల్ప యాత్ర సంబరాలు పూర్తి
కార్తీక మాస దీక్షలో బాలయోగి
ఫేక్ ఐడీ క్రియేట్ చేసి డబ్బులు పంపించేశారు
‘గ్యారంటీ’ అమలు తప్పనిసరి
మెట్ట రైతుల్లో గుబులు
ఫైబర్ నెట్ కేసులో పిటిషన్ దాఖలు
నియమావళి ఉలంఘన కిందకు వస్తుంది
అతి పురాతనమైన గవిపుర ఆలయం
ఆర్ డీఓకి పోటెత్తిన విద్యార్థులు
సెల్ ఫోన్ పంపిణీ
థాయ్ లాండ్ నుంచి అక్రమంగా తీసుకొచ్చిన అరుదైన వప్రాణాలు స్వాధీనం
బాలల సైన్స్ కాంగ్రెస్ కు ఎంపిక
స్థానికులనే.. అభ్యర్ధిగా
కలసి చదువుకున్న వారందరూ..
నిఘా నీడలో..
పేస్ట్ బెటర్ : ఆయుర్వేద నిపుణులు ఏం చెబుతున్నారో తెలుసా?
"అవినీతి, అక్రమాల ఆరోపణలు లేకుండా పోరు"
పక్కాగా ఖర్చు లెక్క
రైతులకు సాగుభరోసా
14న అప్రెంటిస్ మేళా
అక్రమ పట్టివేతలను రిజిస్టర్ లో రికార్డు చేయాలి
బొగ్గు గనులు రూ.1 వేలకోట్ల విలువ ఎంతో తెలుసా?
భూముల రీసర్వే సాహసోపేత నిర్ణయం
పొత్తుల్లేకుండా పోటీ చేస్తున్నాం
సాగులో రైతులకు కష్టాలు
సలీం స్ఫూర్తిగా సిరిసిల్ల
హమాలీ కార్మికుల సంక్షేమం కోసం ప్రత్యేక బోర్డు
విజయవంతంగా క్షిపణి ప్రయోగం
ఉద్దానకు రూ.700 కోట్లతో నిర్మించిన ఉద్దాన
గడప గడపకు సంక్షేమం
జగన్ తోనే సామాజిక న్యాయం
టైమ్ ఔట్ గా ప్రకటించిన బంగ్లాదేశ్ కెప్టెన్
గాన సభ సంగీత ఉత్సవాలు ప్రారంభం
బాణసంచాలకు తప్పనిసరి..
జాతీయ స్థాయి సెస్టోబాల్ పోటీలకు ఎంపిక
ఈ అభ్యర్థులు మాకు నచ్చలేదు..
నిబంధనలు ఉల్లంఘించిన వారిపై కేసులు
ఎస్ జీఎఫ్ రాష్ట్ర బాలబాలికల జట్ల ఎంపిక
పశువైద్యానికి పెద్దపీట
బ్యాంకు నుంచి డబ్బులు డ్రా చేసుకొని వెళ్తున్న వ్యక్తి దోపిడీ
ఎర్రాపహడ్ రాజకీయ ప్రస్థానం
జుక్కల్ నియోజకవర్గంలో..
బీఆర్ ఎస్ ను ఓడించాలి
బీఫాం గెలిచేదెప్పుడు?
ప్రాజెక్టుల పేరుతో దుర్వినియోగం
బాత్ రూంలో మహిళ అనుమానాస్పద మృతి
దేవదాసిలకు బకాయి పింఛన్ చెల్లించాలి
అవకాశమిస్తే రాష్ట్రాన్ని అమ్ముకుంటాం
విజయ్ ఆ మాటలతో విజయ్ విడాకుల వార్త
బస్సుల్లో రాసిఉన్న సూక్తులు...
నామినేషన్ లు దాఖలు చేసిన అభ్యర్థులు..
కోటి ఆశలన్నీ కాంగ్రెస్ కు
ప్రయోజనం ఏమైంది?
తారు పరిశ్రమ అనుమతులను రద్దు చేయాలి
వీధి వ్యాపారులకు అదనపు ఆదాయం
జేఏసీ నాయకుడుగా నామినేషన్ దాఖలు
రేపటి నుంచి బీసీ గర్జన సభకు ప్రధాని మోదీ
ప్రసంగాలు వద్దు.. సమాధానం ఇవ్వండి
ఈవీఎంలు సర్దుబాటు చేయాల్సింది
మద్యం పట్టివేత
రైతున్నలకు భరోసా
పెనం మీద నుంచి పొయ్యిలో పడినట్టు కాకూడది
పొత్తు.. సీపీఎంకు మరో చాన్స్
ప్రజల నమ్మిన సిద్ధాంతానికి కృషి
సామాజిక సాధికార బస్సు యాత్ర విజయవంతం
జేఎన్ టీయూఏ స్థాయిలో ఖోఖో జట్ల ఎంపికలు
ఎవరో ఒకరికి..
రూ.2 వేల చొప్పున వ్యవసాయ సాయం
కోళ్ల పరిశ్రమతో ఉపాధి అవకాశాలు
ఉల్లాసంగా గడుపుతాం
మెగా ఇంట పెళ్లి సందడి ముగిసింది.. వీడియో రిలీజ్
ఉపాధి హామి పనుల్లో పనిదినాలు
కాంగ్రెస్ గూటికి ‘పేట జెడ్పీ’ చైర్పర్సన్
మంగళవారంతో ముగిసిన స్ట్రాంగ్ ప్రవేశాలు
80 ఏళ్లు పైబడిన వృద్ధులకు
అలజడి నుంచి ప్రశాంతత వైపు
మానవాళికి అంటువ్యాధుల ముప్పు
పొలం వివాదం.. వ్యక్తి దారుణ హత్య
గడపగడపకు సంక్షేమం
చేంజ్ మేకర్ ఆఫ్ ది ఇయర్ అవార్డులు ఇలా..
ఇంకా నిరీక్షణే..!
11న విశ్వరూప మహాసభ
దీపావళి ఎప్పుడు జరుపుకోవాలి?
ముగిసిన జగనన్న ఆరోగ్య సురక్ష
భయంతోనే బీఆర్ ఎస్ ఓడిపోతోంది
ద్విచక్ర వాహనాలకు అనుమతి
రక్తపుమడుగులో వృద్ధురాలి మృతి
నిరుపేద విద్యార్థినులకు ఆర్థికంగా చేయూత
వైఎస్సార్ సీపీలో చేరిక
పంట కాలువలో పడి చిన్నారి మృతి
డ్వాక్రా గ్రూపుల్లో అక్రమాలకు ఉమాదేవి అరెస్టు
ఈ సారైనా విజయం సాధించేనా?
"ఉచిత టైలరింగ్, మగ్గం శిక్షణకు దరఖాస్తులు"
ముగిసిన బాల్ బ్యాడ్మింటన్ పోటీలు
సభకు ఏర్పాట్లు పూర్తి
చంద్రబాబు ఆరితేరిన ఘనుడే
గెజిటెడ్ అధికారులపై చర్యలు
పల్లె రహదారులకు మహర్దశ!
ఐదుగురు అంతకుమించి చట్టపరమైన చర్యలు
ధాన్యం కొనుగోలు కేంద్రాల ఏర్పాటుపై సమీక్ష
లగ్జరీ ఫ్లాట్ కొనుగోలు చేసిన ఇప్సితా
ప్రజలకు అందుబాటులో ఉండాలి
స్వర్ణప్రాశనతో విద్యార్థులకు రోగనిరోధక శక్తి
టీడీపీ నాయకుడు దొరికిపోయాడు
778 మందికి రైతు భరోసా
ప్రకాశం భవన నిర్మాణం త్వరగా పూర్తిచేయాలి
ప్రభుత్వ ఉద్యోగులకు మధ్యంతర భృతి
చంద్రబాబు అవినీతి కేంద్ర సంస్థలే బయటపడ్డాయి
హత్య కేసులో నిందితుడి అరెస్టు
ఓటరు చేతి వేలిపై సిరా గుర్తు
క్వారీలో పడి వివాహిత మృతి
పక్కాగా ఎన్నికల కోడ్ ఉల్లంఘన
సీఎం జగన్ పుట్టపర్తికి పోటెత్తిన జనసంద్రం
అడ్లూరి లక్ష్మణ్ కుమార్ తప్ప ఎవరూ నామినేషన్ దాఖలు
గుగ్లీ బంతేమి...
‘చల్లా’ బీజేపీలో చేరేందుకు 8 మంది మున్సిలర్లు సిద్ధం
ఈవీలు కొనే వారికి రాయితీగా ఇస్తోంది
ఆరుగురు దొంగల అరెస్ట్
ఎస్ జీఎఫ్ రాష్ట్ర బాలబాలికల జట్ల ఎంపిక
దీపావళికి పండగలేదు
సమస్య పరిష్కారం కాలేదు
క్లుప్తంగా
అంతర్ జిల్లాల క్రీడా పోటీల తేదీలు ఖరారు
దేశ గతిని మార్చే శక్తివంతమైన ఆయుధం
ఉగ్రవాదుల టార్గెట్ లో పోలీసులు
బీసీ అభ్యర్థులను గెలిపుకోవాలి
సభాస్థలికి పోటెత్తిన జనసందడి
యువత మనస్తత్వం తెలుసుకునే నాయకుడినే
ఉష్ణోగ్రతలు స్థిరం
రేపు జిల్లా స్థాయి బాక్సింగ్ పోటీలు
మహిళా విభాగంలో పోటెత్తిన ఉద్యోగుల సంఘం నాయకులు
అన్ని వర్గాలకు న్యాయం
పాదయాత్రలో ప్రజల సమస్యలు తెలుసుకుని.. సంక్షేమ పథకాలతో
ఎలిమినేట్ అయ్యిన తేజ.. ఆ విష యంపై ఏమో చెప్పి ఉంటాడా?
సికిల్ సెల్ పై అవగాహన
అమీర్ ‘మాయవలై’ చిత్రం విడుదల..
దుర్గమ్మ తల్లి సన్నిధిలో భక్తజనసంద్రం
రాష్ట్ర స్థాయి ఆర్చరీ పోటీల్లో ప్రతిభ
అవినీతిలో కూరుకుపోయిన కేసీఆర్ ప్రభుత్వాన్ని గద్దె దించాలి
రూ.42కోట్లకు పైగా ఆస్తులు..
మద్య వ్యసన ముక్తిలో వ్యక్తి అనుమానాస్పద మృతి
అవగాహనతోనే లక్ష్యం
అక్రమార్జనాల తనిఖీ
శిబిరాలు సద్వినియోగం చేసుకోవాలి
"ఎస్ ఐ, విద్యుత్ శాఖ పరీక్ష అక్రమాలపై విచారణ"
మోకాలి గాయం.. శస్త్ర చికిత్స
ఓటు కోసం యువత ఓటరుగా నమోదు
పాఠశాల ఏర్పాటుకు యతీ..
రోగిపట్ల నిర్లక్ష్యం.. డాక్టర్ భల్వాయి
శ ర్వానంద్ పెళ్లి.. ఆస క్తిక ర వార్త
పోస్టల్ బ్యాలెట్ ఓటుకు దరఖాస్తు చేసుకోవాలి
విమ్ కో నగర్ మెట్రో స్టేషన్ లో సాంకేతిక లోపం
ప్రజావాణిలో సమస్యలు పరిష్కరించాలి
బీజేపీ బీసీ ఆత్మగౌరవ సభ
క్రీడలను ప్రోత్సహించేందుకు పలు కార్యక్రమాలు
మానుకోటలో విరాజిల్లిన ఎర్రజెండా
విద్యుత్ షాక్ తో అరటి గెల లోడింగ్ కూలీ మృతి
ప్రకృతి వైపరీత్యాలు ఎదుర్కోవాలి
"అంజమ్మ, లాలప్ప పుట్టిన తేదీ"
ఎల్లారెడ్డి (కాంగ్రెస్ )
8 నుంచి వాలీబాల్ లీగ్ టోర్నమెంట్
రోడ్డు ప్రమాదంలో వ్యక్తి దుర్మరణం
37 నామినేషన్లు దాఖలు
ఢిల్లీలో కాలుష్యానికి చెక్
హత్య కేసులో నలుగురికి మూడేళ్ల జైలు
నా గెలుపు.. సత్తా ఏంటో చూపించండి
మహానందీశ్వరుడి సన్నిధిలో ప్రముఖుల పూజలు
వారి కుటుంబాలకు భరోసా నిలుస్తూ..
ఆనందంగా ఉంటే అండగా ఉంటాం
రోడ్డేస్తేనే ఓటేస్తాం
కారును ఢీకొన్న టిప్పర్ లారీ
దరఖాస్తు చేస్తే.. పరిహారం అందుతుంది
ఉమ్మడి జిల్లాలో గందరగోళం
మద్యం అక్రమ రవాణా నివారణకు ప్రత్యేక యాప్
మెరుగైన వైద్య సేవలందించడమే లక్ష్యం
మలిదశ ఉద్యమానికి ఊపిరి
ఉత్తమ ఫలితాలు సాధించాలి
రైల్వే ఓవర్ బ్రిడ్జి నిర్మాణం చేపట్టాలి
రాష్ట్రస్థాయి యోగా పోటీల్లో విద్యార్థి ప్రతిభ
‘పది’ఫలితాల కోసం ప్రత్యేక తరగతులు
కాంగ్రెస్ లోకి చేరికలు.. చేరికలు..
భవిష్యత్ తరాల కోసం పనిచేస్తాను
14 సీట్లు గెలవకపోతే ఎక్కిస్తాం
మైనర్ బాలుడి హత్య కేసులో నిందితుడి అరెస్టు
సామాజిక సాధికార యాత్ర రాష్ట్రంలో మూడు ప్రాంతాల్లో
యువతకు సాధించనిది లేదు
ప్రొవిజనల్ మెరిట్ లిస్టు విడుదల
ఆరోగ్య సురక్షకు స్పందన
సున్నిధిలో భక్తజనం
ఆటో నుంచి జారిపడి మహిళ మృతి
"మానవ వనరులు, పరిశ్రమలు ఎంతో అవసరం"
ఓట్లు రాకుంటే డిపాజిట్ రాదు
ప్రతి ఇంటికి సంక్షేమ పథకాలు
విశాఖ స్టీల్ ప్లాంట్ ప్రైవేటీకరణకు వ్యతిరేకంగా దీక్షలు
గుర్తు తెలియని వ్యక్తి మృతి
చైన్నెలో సంగీత ఉత్సవ్ వేడుకలు
ఆదివాసీలో సందడి
ప్రత్యేక పర్యాటక రైలు నడుపనున్న ఐఆర్ సీటీసీ
‘ఇన్ ’ వేదికపై గర్జనం..
కాలువలోకి పల్టీ కొట్టిన బస్సు
లోతట్టు ప్రాంతాలు జలమయం
ఫ్లాట్ గా ముగిసిన స్టాక్ మార్కెట్లు
తనిఖీ చేసిన తర్వాతనే పంపండి
జిల్లా పోలీసుశాఖలో హోంగార్డుగా
తొలుత కొన్నాళ్లు కాంగ్రెస్ లో..
nan
సంఘాభివృద్ధికి ఎనలేని కృషి
ఎట్టకేలకు బీజేపీ టికెట్
పేదల సంక్షేమమే ధ్యేయం
చైన్ డ్రాగింగ్ బోట్ ప్రాజెక్టుకు ప్రోత్సాహం
సంక్షేమ ప్రదాత జగన్
ప్రకృతిని కాపాడుదాం
త్వరలోనే అందుబాటులోకి తెస్తాం
వీరశైవ లింగాయత్ సమాజాభివృద్ధికి కేసీఆర్ ప్రభుత్వం
కేసీఆర్ ను కలిసిన పీసీ అధ్యక్షుడు రేవంత్
"టైగర్, జోయాల ప్రేమ బలమైనది"
విశాఖపట్నంలో కొత్త రూపు
ట్రైబల్ యూత్ ప్రోగ్రాంలో ప్రతిభ
జాతీయ చిల్డ్రన్స్ కాంగ్రెస్ పోటీలకు ఎంపిక
